create table if not exists customer (customer_id int not null, customernum varchar unique not null, customername varchar not null, customersurname varchar not null, customerdateofbirth date not null,customercity varchar not null ,primary key (customer_id) );create table if not exists account (account_id int not null, customer_id int not null,  accounttype_id int not null, accountnum varchar unique not null, accountdate date not null, accountbalance double precision not null, primary key (account_id));create table if not exists transaction (transaction_id int not null, transactionnum varchar not null, transactiontype_id int not null, account_id int not null, transactiondate date not null);create table if not exists transactiontype (transactiontype_id int not null, transactiontypenum varchar not null, transactiontypename varchar not null, primary key (transactiontype_id));create table if not exists accounttype (accounttype_id int not null, accounttypenum varchar not null, accounttypename varchar not null, primary key (accounttype_id));alter table account add foreign key (accounttype_id) references accounttype(accounttype_id);alter table transaction add foreign key (account_id) references account (account_id);INSERT INTO TransactionType (transactionType_ID, transactionTypeNum, transactionTypeName)VALUES (62, 'num324', 'withdraw');INSERT INTO TransactionType (transactionType_ID, transactionTypeNum, transactionTypeName)VALUES (459, 'num540', 'deposit');INSERT INTO AccountType(accountType_ID, accountTypeNum, accountTypeName)VALUES (512, 'num145', 'current');INSERT INTO AccountType(accountType_ID, accountTypeNum, accountTypeName)VALUES (604, 'num979', 'credit');INSERT INTO Customer(customer_ID, customerNum, customerName, customerSurname, customerDateOfBirth, customerCity) VALUES (974, 'num996', 'cust939', 'Smith', '1992-03-15', 'Johannesburg');INSERT INTO Customer(customer_ID, customerNum, customerName, customerSurname, customerDateOfBirth, customerCity) VALUES (297, 'num11', 'cust89', 'Smith', '1992-03-15', 'Johannesburg');INSERT INTO Customer(customer_ID, customerNum, customerName, customerSurname, customerDateOfBirth, customerCity) VALUES (825, 'num357', 'cust627', 'Smith', '1992-03-15', 'Johannesburg');INSERT INTO Customer(customer_ID, customerNum, customerName, customerSurname, customerDateOfBirth, customerCity) VALUES (289, 'num918', 'cust952', 'Smith', '1992-03-15', 'Johannesburg');INSERT INTO Customer(customer_ID, customerNum, customerName, customerSurname, customerDateOfBirth, customerCity) VALUES (654, 'num68', 'cust839', 'Smith', '1992-03-15', 'Johannesburg');INSERT INTO Customer(customer_ID, customerNum, customerName, customerSurname, customerDateOfBirth, customerCity) VALUES (555, 'num840', 'cust450', 'Smith', '1992-03-15', 'Johannesburg');INSERT INTO Customer(customer_ID, customerNum, customerName, customerSurname, customerDateOfBirth, customerCity) VALUES (266, 'num667', 'cust955', 'Smith', '1992-03-15', 'Johannesburg');INSERT INTO Customer(customer_ID, customerNum, customerName, customerSurname, customerDateOfBirth, customerCity) VALUES (782, 'num745', 'cust924', 'Smith', '1992-03-15', 'Johannesburg');INSERT INTO Customer(customer_ID, customerNum, customerName, customerSurname, customerDateOfBirth, customerCity) VALUES (579, 'num784', 'cust49', 'Smith', '1992-03-15', 'Johannesburg');INSERT INTO Customer(customer_ID, customerNum, customerName, customerSurname, customerDateOfBirth, customerCity) VALUES (935, 'num327', 'cust738', 'Smith', '1992-03-15', 'Johannesburg');INSERT INTO Customer(customer_ID, customerNum, customerName, customerSurname, customerDateOfBirth, customerCity) VALUES (210, 'num113', 'cust730', 'Smith', '1992-03-15', 'Johannesburg');INSERT INTO Customer(customer_ID, customerNum, customerName, customerSurname, customerDateOfBirth, customerCity) VALUES (133, 'num831', 'cust207', 'Smith', '1992-03-15', 'Johannesburg');INSERT INTO Customer(customer_ID, customerNum, customerName, customerSurname, customerDateOfBirth, customerCity) VALUES (759, 'num876', 'cust148', 'Smith', '1992-03-15', 'Johannesburg');INSERT INTO Customer(customer_ID, customerNum, customerName, customerSurname, customerDateOfBirth, customerCity) VALUES (242, 'num263', 'cust516', 'Smith', '1992-03-15', 'Johannesburg');INSERT INTO Customer(customer_ID, customerNum, customerName, customerSurname, customerDateOfBirth, customerCity) VALUES (108, 'num308', 'cust436', 'Smith', '1992-03-15', 'Johannesburg');INSERT INTO Customer(customer_ID, customerNum, customerName, customerSurname, customerDateOfBirth, customerCity) VALUES (212, 'num180', 'cust115', 'Smith', '1992-03-15', 'Johannesburg');INSERT INTO Customer(customer_ID, customerNum, customerName, customerSurname, customerDateOfBirth, customerCity) VALUES (53, 'num962', 'cust753', 'Smith', '1992-03-15', 'Johannesburg');INSERT INTO Customer(customer_ID, customerNum, customerName, customerSurname, customerDateOfBirth, customerCity) VALUES (500, 'num87', 'cust727', 'Smith', '1992-03-15', 'Johannesburg');INSERT INTO Customer(customer_ID, customerNum, customerName, customerSurname, customerDateOfBirth, customerCity) VALUES (735, 'num329', 'cust274', 'Smith', '1992-03-15', 'Johannesburg');INSERT INTO Customer(customer_ID, customerNum, customerName, customerSurname, customerDateOfBirth, customerCity) VALUES (631, 'num423', 'cust339', 'Smith', '1992-03-15', 'Johannesburg');INSERT INTO Account(account_ID, accountNum, customer_ID, accountDate, accountBalance, accountType_ID) VALUES (419, 'num781', 266,'2020-04-15' ,-15959, 604);INSERT INTO Account(account_ID, accountNum, customer_ID, accountDate, accountBalance, accountType_ID) VALUES (40, 'num637', 266,'2020-04-15' ,18799, 604);INSERT INTO Account(account_ID, accountNum, customer_ID, accountDate, accountBalance, accountType_ID) VALUES (716, 'num685', 974,'2020-04-15' ,17616, 512);INSERT INTO Account(account_ID, accountNum, customer_ID, accountDate, accountBalance, accountType_ID) VALUES (617, 'num474', 974,'2020-04-15' ,-15597, 512);INSERT INTO Account(account_ID, accountNum, customer_ID, accountDate, accountBalance, accountType_ID) VALUES (922, 'num547', 974,'2020-04-15' ,-6510, 604);INSERT INTO Account(account_ID, accountNum, customer_ID, accountDate, accountBalance, accountType_ID) VALUES (625, 'num331', 974,'2020-04-15' ,2880, 604);INSERT INTO Account(account_ID, accountNum, customer_ID, accountDate, accountBalance, accountType_ID) VALUES (47, 'num691', 654,'2020-04-15' ,-2247, 512);INSERT INTO Account(account_ID, accountNum, customer_ID, accountDate, accountBalance, accountType_ID) VALUES (857, 'num520', 782,'2020-04-15' ,-3305, 604);INSERT INTO Account(account_ID, accountNum, customer_ID, accountDate, accountBalance, accountType_ID) VALUES (311, 'num94', 782,'2020-04-15' ,7829, 512);INSERT INTO Account(account_ID, accountNum, customer_ID, accountDate, accountBalance, accountType_ID) VALUES (361, 'num321', 210,'2020-04-15' ,-16435, 604);INSERT INTO Account(account_ID, accountNum, customer_ID, accountDate, accountBalance, accountType_ID) VALUES (602, 'num779', 210,'2020-04-15' ,1737, 604);INSERT INTO Account(account_ID, accountNum, customer_ID, accountDate, accountBalance, accountType_ID) VALUES (957, 'num37', 210,'2020-04-15' ,11803, 512);INSERT INTO Account(account_ID, accountNum, customer_ID, accountDate, accountBalance, accountType_ID) VALUES (746, 'num754', 242,'2020-04-15' ,9653, 604);INSERT INTO Account(account_ID, accountNum, customer_ID, accountDate, accountBalance, accountType_ID) VALUES (36, 'num678', 242,'2020-04-15' ,13084, 604);INSERT INTO Account(account_ID, accountNum, customer_ID, accountDate, accountBalance, accountType_ID) VALUES (630, 'num265', 242,'2020-04-15' ,11825, 512);INSERT INTO Account(account_ID, accountNum, customer_ID, accountDate, accountBalance, accountType_ID) VALUES (56, 'num162', 242,'2020-04-15' ,-10869, 604);INSERT INTO Account(account_ID, accountNum, customer_ID, accountDate, accountBalance, accountType_ID) VALUES (425, 'num88', 242,'2020-04-15' ,-6797, 512);INSERT INTO Account(account_ID, accountNum, customer_ID, accountDate, accountBalance, accountType_ID) VALUES (386, 'num228', 242,'2020-04-15' ,8624, 604);INSERT INTO Account(account_ID, accountNum, customer_ID, accountDate, accountBalance, accountType_ID) VALUES (760, 'num790', 212,'2020-04-15' ,-17115, 604);INSERT INTO Account(account_ID, accountNum, customer_ID, accountDate, accountBalance, accountType_ID) VALUES (923, 'num345', 212,'2020-04-15' ,-2588, 512);INSERT INTO Account(account_ID, accountNum, customer_ID, accountDate, accountBalance, accountType_ID) VALUES (921, 'num71', 212,'2020-04-15' ,-12277, 512);INSERT INTO Account(account_ID, accountNum, customer_ID, accountDate, accountBalance, accountType_ID) VALUES (607, 'num96', 212,'2020-04-15' ,-12353, 604);INSERT INTO Account(account_ID, accountNum, customer_ID, accountDate, accountBalance, accountType_ID) VALUES (919, 'num300', 212,'2020-04-15' ,-1818, 512);INSERT INTO Account(account_ID, accountNum, customer_ID, accountDate, accountBalance, accountType_ID) VALUES (522, 'num665', 500,'2020-04-15' ,-2035, 604);INSERT INTO Account(account_ID, accountNum, customer_ID, accountDate, accountBalance, accountType_ID) VALUES (819, 'num616', 500,'2020-04-15' ,11056, 604);INSERT INTO Account(account_ID, accountNum, customer_ID, accountDate, accountBalance, accountType_ID) VALUES (632, 'num648', 500,'2020-04-15' ,-5257, 512);INSERT INTO Account(account_ID, accountNum, customer_ID, accountDate, accountBalance, accountType_ID) VALUES (898, 'num247', 500,'2020-04-15' ,-5120, 512);INSERT INTO Account(account_ID, accountNum, customer_ID, accountDate, accountBalance, accountType_ID) VALUES (238, 'num908', 500,'2020-04-15' ,18556, 604);INSERT INTO Account(account_ID, accountNum, customer_ID, accountDate, accountBalance, accountType_ID) VALUES (491, 'num87', 500,'2020-04-15' ,-9907, 512);INSERT INTO Transaction (transaction_ID, transactionNum, transactionDate, transactionType_ID, account_ID)VALUES (579,' num56', '1992-03-04' ,62, 419);INSERT INTO Transaction (transaction_ID, transactionNum, transactionDate, transactionType_ID, account_ID)VALUES (531,' num517', '1992-03-04' ,62, 419);INSERT INTO Transaction (transaction_ID, transactionNum, transactionDate, transactionType_ID, account_ID)VALUES (973,' num244', '1992-03-04' ,459, 419);INSERT INTO Transaction (transaction_ID, transactionNum, transactionDate, transactionType_ID, account_ID)VALUES (852,' num31', '1992-03-04' ,459, 419);INSERT INTO Transaction (transaction_ID, transactionNum, transactionDate, transactionType_ID, account_ID)VALUES (893,' num496', '1992-03-04' ,62, 419);INSERT INTO Transaction (transaction_ID, transactionNum, transactionDate, transactionType_ID, account_ID)VALUES (367,' num307', '1992-03-04' ,62, 419);INSERT INTO Transaction (transaction_ID, transactionNum, transactionDate, transactionType_ID, account_ID)VALUES (164,' num514', '1992-03-04' ,459, 419);INSERT INTO Transaction (transaction_ID, transactionNum, transactionDate, transactionType_ID, account_ID)VALUES (521,' num142', '1992-03-04' ,459, 419);INSERT INTO Transaction (transaction_ID, transactionNum, transactionDate, transactionType_ID, account_ID)VALUES (206,' num796', '1992-03-04' ,459, 419);INSERT INTO Transaction (transaction_ID, transactionNum, transactionDate, transactionType_ID, account_ID)VALUES (21,' num534', '1992-03-04' ,459, 419);INSERT INTO Transaction (transaction_ID, transactionNum, transactionDate, transactionType_ID, account_ID)VALUES (179,' num26', '1992-03-04' ,459, 419);INSERT INTO Transaction (transaction_ID, transactionNum, transactionDate, transactionType_ID, account_ID)VALUES (372,' num783', '1992-03-04' ,62, 419);INSERT INTO Transaction (transaction_ID, transactionNum, transactionDate, transactionType_ID, account_ID)VALUES (332,' num501', '1992-03-04' ,62, 419);INSERT INTO Transaction (transaction_ID, transactionNum, transactionDate, transactionType_ID, account_ID)VALUES (479,' num554', '1992-03-04' ,459, 419);INSERT INTO Transaction (transaction_ID, transactionNum, transactionDate, transactionType_ID, account_ID)VALUES (219,' num97', '1992-03-04' ,459, 419);INSERT INTO Transaction (transaction_ID, transactionNum, transactionDate, transactionType_ID, account_ID)VALUES (272,' num843', '1992-03-04' ,62, 419);INSERT INTO Transaction (transaction_ID, transactionNum, transactionDate, transactionType_ID, account_ID)VALUES (831,' num201', '1992-03-04' ,62, 419);INSERT INTO Transaction (transaction_ID, transactionNum, transactionDate, transactionType_ID, account_ID)VALUES (270,' num21', '1992-03-04' ,459, 419);INSERT INTO Transaction (transaction_ID, transactionNum, transactionDate, transactionType_ID, account_ID)VALUES (54,' num47', '1992-03-04' ,62, 419);INSERT INTO Transaction (transaction_ID, transactionNum, transactionDate, transactionType_ID, account_ID)VALUES (134,' num722', '1992-03-04' ,459, 419);INSERT INTO Transaction (transaction_ID, transactionNum, transactionDate, transactionType_ID, account_ID)VALUES (472,' num424', '1992-03-04' ,62, 419);INSERT INTO Transaction (transaction_ID, transactionNum, transactionDate, transactionType_ID, account_ID)VALUES (137,' num500', '1992-03-04' ,459, 419);INSERT INTO Transaction (transaction_ID, transactionNum, transactionDate, transactionType_ID, account_ID)VALUES (163,' num565', '1992-03-04' ,62, 419);INSERT INTO Transaction (transaction_ID, transactionNum, transactionDate, transactionType_ID, account_ID)VALUES (562,' num415', '1992-03-04' ,62, 419);INSERT INTO Transaction (transaction_ID, transactionNum, transactionDate, transactionType_ID, account_ID)VALUES (480,' num295', '1992-03-04' ,62, 419);INSERT INTO Transaction (transaction_ID, transactionNum, transactionDate, transactionType_ID, account_ID)VALUES (155,' num778', '1992-03-04' ,459, 419);INSERT INTO Transaction (transaction_ID, transactionNum, transactionDate, transactionType_ID, account_ID)VALUES (168,' num28', '1992-03-04' ,62, 419);INSERT INTO Transaction (transaction_ID, transactionNum, transactionDate, transactionType_ID, account_ID)VALUES (617,' num469', '1992-03-04' ,62, 419);INSERT INTO Transaction (transaction_ID, transactionNum, transactionDate, transactionType_ID, account_ID)VALUES (116,' num884', '1992-03-04' ,459, 419);INSERT INTO Transaction (transaction_ID, transactionNum, transactionDate, transactionType_ID, account_ID)VALUES (747,' num794', '1992-03-04' ,459, 419);INSERT INTO Transaction (transaction_ID, transactionNum, transactionDate, transactionType_ID, account_ID)VALUES (382,' num648', '1992-03-04' ,62, 419);INSERT INTO Transaction (transaction_ID, transactionNum, transactionDate, transactionType_ID, account_ID)VALUES (864,' num661', '1992-03-04' ,62, 419);INSERT INTO Transaction (transaction_ID, transactionNum, transactionDate, transactionType_ID, account_ID)VALUES (41,' num243', '1992-03-04' ,62, 419);INSERT INTO Transaction (transaction_ID, transactionNum, transactionDate, transactionType_ID, account_ID)VALUES (211,' num916', '1992-03-04' ,459, 419);INSERT INTO Transaction (transaction_ID, transactionNum, transactionDate, transactionType_ID, account_ID)VALUES (842,' num128', '1992-03-04' ,459, 419);INSERT INTO Transaction (transaction_ID, transactionNum, transactionDate, transactionType_ID, account_ID)VALUES (854,' num420', '1992-03-04' ,459, 419);INSERT INTO Transaction (transaction_ID, transactionNum, transactionDate, transactionType_ID, account_ID)VALUES (986,' num353', '1992-03-04' ,459, 419);INSERT INTO Transaction (transaction_ID, transactionNum, transactionDate, transactionType_ID, account_ID)VALUES (775,' num770', '1992-03-04' ,459, 419);INSERT INTO Transaction (transaction_ID, transactionNum, transactionDate, transactionType_ID, account_ID)VALUES (251,' num231', '1992-03-04' ,62, 419);INSERT INTO Transaction (transaction_ID, transactionNum, transactionDate, transactionType_ID, account_ID)VALUES (156,' num656', '1992-03-04' ,62, 419);INSERT INTO Transaction (transaction_ID, transactionNum, transactionDate, transactionType_ID, account_ID)VALUES (677,' num161', '1992-03-04' ,459, 419);INSERT INTO Transaction (transaction_ID, transactionNum, transactionDate, transactionType_ID, account_ID)VALUES (770,' num519', '1992-03-04' ,62, 419);INSERT INTO Transaction (transaction_ID, transactionNum, transactionDate, transactionType_ID, account_ID)VALUES (328,' num498', '1992-03-04' ,62, 419);INSERT INTO Transaction (transaction_ID, transactionNum, transactionDate, transactionType_ID, account_ID)VALUES (301,' num126', '1992-03-04' ,459, 419);INSERT INTO Transaction (transaction_ID, transactionNum, transactionDate, transactionType_ID, account_ID)VALUES (311,' num636', '1992-03-04' ,459, 419);INSERT INTO Transaction (transaction_ID, transactionNum, transactionDate, transactionType_ID, account_ID)VALUES (23,' num515', '1992-03-04' ,459, 419);INSERT INTO Transaction (transaction_ID, transactionNum, transactionDate, transactionType_ID, account_ID)VALUES (583,' num621', '1992-03-04' ,62, 419);INSERT INTO Transaction (transaction_ID, transactionNum, transactionDate, transactionType_ID, account_ID)VALUES (614,' num845', '1992-03-04' ,62, 419);INSERT INTO Transaction (transaction_ID, transactionNum, transactionDate, transactionType_ID, account_ID)VALUES (786,' num146', '1992-03-04' ,62, 419);INSERT INTO Transaction (transaction_ID, transactionNum, transactionDate, transactionType_ID, account_ID)VALUES (60,' num296', '1992-03-04' ,459, 419);INSERT INTO Transaction (transaction_ID, transactionNum, transactionDate, transactionType_ID, account_ID)VALUES (851,' num39', '1992-03-04' ,459, 419);INSERT INTO Transaction (transaction_ID, transactionNum, transactionDate, transactionType_ID, account_ID)VALUES (226,' num529', '1992-03-04' ,459, 419);INSERT INTO Transaction (transaction_ID, transactionNum, transactionDate, transactionType_ID, account_ID)VALUES (782,' num821', '1992-03-04' ,62, 419);INSERT INTO Transaction (transaction_ID, transactionNum, transactionDate, transactionType_ID, account_ID)VALUES (430,' num80', '1992-03-04' ,62, 419);INSERT INTO Transaction (transaction_ID, transactionNum, transactionDate, transactionType_ID, account_ID)VALUES (228,' num76', '1992-03-04' ,62, 419);INSERT INTO Transaction (transaction_ID, transactionNum, transactionDate, transactionType_ID, account_ID)VALUES (397,' num89', '1992-03-04' ,62, 419);INSERT INTO Transaction (transaction_ID, transactionNum, transactionDate, transactionType_ID, account_ID)VALUES (910,' num748', '1992-03-04' ,62, 419);INSERT INTO Transaction (transaction_ID, transactionNum, transactionDate, transactionType_ID, account_ID)VALUES (162,' num112', '1992-03-04' ,62, 419);INSERT INTO Transaction (transaction_ID, transactionNum, transactionDate, transactionType_ID, account_ID)VALUES (166,' num2', '1992-03-04' ,62, 419);INSERT INTO Transaction (transaction_ID, transactionNum, transactionDate, transactionType_ID, account_ID)VALUES (855,' num672', '1992-03-04' ,459, 419);INSERT INTO Transaction (transaction_ID, transactionNum, transactionDate, transactionType_ID, account_ID)VALUES (815,' num671', '1992-03-04' ,62, 419);INSERT INTO Transaction (transaction_ID, transactionNum, transactionDate, transactionType_ID, account_ID)VALUES (800,' num384', '1992-03-04' ,62, 419);INSERT INTO Transaction (transaction_ID, transactionNum, transactionDate, transactionType_ID, account_ID)VALUES (749,' num437', '1992-03-04' ,62, 419);INSERT INTO Transaction (transaction_ID, transactionNum, transactionDate, transactionType_ID, account_ID)VALUES (989,' num861', '1992-03-04' ,62, 419);INSERT INTO Transaction (transaction_ID, transactionNum, transactionDate, transactionType_ID, account_ID)VALUES (670,' num508', '1992-03-04' ,459, 419);INSERT INTO Transaction (transaction_ID, transactionNum, transactionDate, transactionType_ID, account_ID)VALUES (549,' num106', '1992-03-04' ,459, 419);INSERT INTO Transaction (transaction_ID, transactionNum, transactionDate, transactionType_ID, account_ID)VALUES (542,' num246', '1992-03-04' ,459, 419);INSERT INTO Transaction (transaction_ID, transactionNum, transactionDate, transactionType_ID, account_ID)VALUES (53,' num917', '1992-03-04' ,459, 419);INSERT INTO Transaction (transaction_ID, transactionNum, transactionDate, transactionType_ID, account_ID)VALUES (388,' num947', '1992-03-04' ,459, 419);INSERT INTO Transaction (transaction_ID, transactionNum, transactionDate, transactionType_ID, account_ID)VALUES (103,' num265', '1992-03-04' ,459, 419);INSERT INTO Transaction (transaction_ID, transactionNum, transactionDate, transactionType_ID, account_ID)VALUES (675,' num687', '1992-03-04' ,62, 419);INSERT INTO Transaction (transaction_ID, transactionNum, transactionDate, transactionType_ID, account_ID)VALUES (609,' num555', '1992-03-04' ,459, 419);INSERT INTO Transaction (transaction_ID, transactionNum, transactionDate, transactionType_ID, account_ID)VALUES (183,' num678', '1992-03-04' ,459, 419);INSERT INTO Transaction (transaction_ID, transactionNum, transactionDate, transactionType_ID, account_ID)VALUES (260,' num245', '1992-03-04' ,459, 419);INSERT INTO Transaction (transaction_ID, transactionNum, transactionDate, transactionType_ID, account_ID)VALUES (129,' num870', '1992-03-04' ,459, 419);INSERT INTO Transaction (transaction_ID, transactionNum, transactionDate, transactionType_ID, account_ID)VALUES (956,' num909', '1992-03-04' ,62, 419);INSERT INTO Transaction (transaction_ID, transactionNum, transactionDate, transactionType_ID, account_ID)VALUES (977,' num43', '1992-03-04' ,459, 419);INSERT INTO Transaction (transaction_ID, transactionNum, transactionDate, transactionType_ID, account_ID)VALUES (793,' num328', '1992-03-04' ,459, 419);INSERT INTO Transaction (transaction_ID, transactionNum, transactionDate, transactionType_ID, account_ID)VALUES (965,' num85', '1992-03-04' ,459, 419);INSERT INTO Transaction (transaction_ID, transactionNum, transactionDate, transactionType_ID, account_ID)VALUES (768,' num122', '1992-03-04' ,459, 419);INSERT INTO Transaction (transaction_ID, transactionNum, transactionDate, transactionType_ID, account_ID)VALUES (187,' num953', '1992-03-04' ,62, 419);INSERT INTO Transaction (transaction_ID, transactionNum, transactionDate, transactionType_ID, account_ID)VALUES (10,' num167', '1992-03-04' ,459, 419);INSERT INTO Transaction (transaction_ID, transactionNum, transactionDate, transactionType_ID, account_ID)VALUES (439,' num587', '1992-03-04' ,62, 419);INSERT INTO Transaction (transaction_ID, transactionNum, transactionDate, transactionType_ID, account_ID)VALUES (908,' num799', '1992-03-04' ,459, 419);INSERT INTO Transaction (transaction_ID, transactionNum, transactionDate, transactionType_ID, account_ID)VALUES (381,' num763', '1992-03-04' ,459, 419);INSERT INTO Transaction (transaction_ID, transactionNum, transactionDate, transactionType_ID, account_ID)VALUES (291,' num74', '1992-03-04' ,459, 419);INSERT INTO Transaction (transaction_ID, transactionNum, transactionDate, transactionType_ID, account_ID)VALUES (268,' num614', '1992-03-04' ,62, 419);INSERT INTO Transaction (transaction_ID, transactionNum, transactionDate, transactionType_ID, account_ID)VALUES (809,' num756', '1992-03-04' ,459, 419);INSERT INTO Transaction (transaction_ID, transactionNum, transactionDate, transactionType_ID, account_ID)VALUES (861,' num16', '1992-03-04' ,62, 419);INSERT INTO Transaction (transaction_ID, transactionNum, transactionDate, transactionType_ID, account_ID)VALUES (341,' num543', '1992-03-04' ,459, 419);INSERT INTO Transaction (transaction_ID, transactionNum, transactionDate, transactionType_ID, account_ID)VALUES (386,' num387', '1992-03-04' ,62, 419);INSERT INTO Transaction (transaction_ID, transactionNum, transactionDate, transactionType_ID, account_ID)VALUES (250,' num478', '1992-03-04' ,62, 419);INSERT INTO Transaction (transaction_ID, transactionNum, transactionDate, transactionType_ID, account_ID)VALUES (44,' num570', '1992-03-04' ,62, 419);INSERT INTO Transaction (transaction_ID, transactionNum, transactionDate, transactionType_ID, account_ID)VALUES (538,' num352', '1992-03-04' ,459, 419);INSERT INTO Transaction (transaction_ID, transactionNum, transactionDate, transactionType_ID, account_ID)VALUES (352,' num474', '1992-03-04' ,62, 419);INSERT INTO Transaction (transaction_ID, transactionNum, transactionDate, transactionType_ID, account_ID)VALUES (358,' num483', '1992-03-04' ,459, 419);INSERT INTO Transaction (transaction_ID, transactionNum, transactionDate, transactionType_ID, account_ID)VALUES (742,' num493', '1992-03-04' ,459, 419);INSERT INTO Transaction (transaction_ID, transactionNum, transactionDate, transactionType_ID, account_ID)VALUES (650,' num239', '1992-03-04' ,459, 419);INSERT INTO Transaction (transaction_ID, transactionNum, transactionDate, transactionType_ID, account_ID)VALUES (121,' num346', '1992-03-04' ,459, 760);INSERT INTO Transaction (transaction_ID, transactionNum, transactionDate, transactionType_ID, account_ID)VALUES (881,' num156', '1992-03-04' ,459, 760);INSERT INTO Transaction (transaction_ID, transactionNum, transactionDate, transactionType_ID, account_ID)VALUES (875,' num164', '1992-03-04' ,459, 760);INSERT INTO Transaction (transaction_ID, transactionNum, transactionDate, transactionType_ID, account_ID)VALUES (745,' num254', '1992-03-04' ,62, 760);INSERT INTO Transaction (transaction_ID, transactionNum, transactionDate, transactionType_ID, account_ID)VALUES (417,' num115', '1992-03-04' ,459, 760);INSERT INTO Transaction (transaction_ID, transactionNum, transactionDate, transactionType_ID, account_ID)VALUES (941,' num407', '1992-03-04' ,62, 760);INSERT INTO Transaction (transaction_ID, transactionNum, transactionDate, transactionType_ID, account_ID)VALUES (682,' num204', '1992-03-04' ,459, 760);INSERT INTO Transaction (transaction_ID, transactionNum, transactionDate, transactionType_ID, account_ID)VALUES (783,' num470', '1992-03-04' ,62, 760);INSERT INTO Transaction (transaction_ID, transactionNum, transactionDate, transactionType_ID, account_ID)VALUES (296,' num310', '1992-03-04' ,459, 760);INSERT INTO Transaction (transaction_ID, transactionNum, transactionDate, transactionType_ID, account_ID)VALUES (596,' num242', '1992-03-04' ,62, 760);INSERT INTO Transaction (transaction_ID, transactionNum, transactionDate, transactionType_ID, account_ID)VALUES (458,' num849', '1992-03-04' ,62, 760);INSERT INTO Transaction (transaction_ID, transactionNum, transactionDate, transactionType_ID, account_ID)VALUES (982,' num898', '1992-03-04' ,62, 760);INSERT INTO Transaction (transaction_ID, transactionNum, transactionDate, transactionType_ID, account_ID)VALUES (276,' num260', '1992-03-04' ,62, 760);INSERT INTO Transaction (transaction_ID, transactionNum, transactionDate, transactionType_ID, account_ID)VALUES (385,' num152', '1992-03-04' ,459, 760);INSERT INTO Transaction (transaction_ID, transactionNum, transactionDate, transactionType_ID, account_ID)VALUES (118,' num286', '1992-03-04' ,62, 760);INSERT INTO Transaction (transaction_ID, transactionNum, transactionDate, transactionType_ID, account_ID)VALUES (943,' num634', '1992-03-04' ,62, 760);INSERT INTO Transaction (transaction_ID, transactionNum, transactionDate, transactionType_ID, account_ID)VALUES (784,' num451', '1992-03-04' ,459, 760);INSERT INTO Transaction (transaction_ID, transactionNum, transactionDate, transactionType_ID, account_ID)VALUES (772,' num807', '1992-03-04' ,62, 760);INSERT INTO Transaction (transaction_ID, transactionNum, transactionDate, transactionType_ID, account_ID)VALUES (87,' num791', '1992-03-04' ,62, 760);INSERT INTO Transaction (transaction_ID, transactionNum, transactionDate, transactionType_ID, account_ID)VALUES (589,' num716', '1992-03-04' ,459, 760);INSERT INTO Transaction (transaction_ID, transactionNum, transactionDate, transactionType_ID, account_ID)VALUES (541,' num677', '1992-03-04' ,62, 760);INSERT INTO Transaction (transaction_ID, transactionNum, transactionDate, transactionType_ID, account_ID)VALUES (113,' num349', '1992-03-04' ,459, 760);INSERT INTO Transaction (transaction_ID, transactionNum, transactionDate, transactionType_ID, account_ID)VALUES (224,' num42', '1992-03-04' ,459, 760);INSERT INTO Transaction (transaction_ID, transactionNum, transactionDate, transactionType_ID, account_ID)VALUES (850,' num34', '1992-03-04' ,459, 760);INSERT INTO Transaction (transaction_ID, transactionNum, transactionDate, transactionType_ID, account_ID)VALUES (378,' num886', '1992-03-04' ,459, 760);INSERT INTO Transaction (transaction_ID, transactionNum, transactionDate, transactionType_ID, account_ID)VALUES (846,' num398', '1992-03-04' ,62, 760);INSERT INTO Transaction (transaction_ID, transactionNum, transactionDate, transactionType_ID, account_ID)VALUES (717,' num432', '1992-03-04' ,459, 760);INSERT INTO Transaction (transaction_ID, transactionNum, transactionDate, transactionType_ID, account_ID)VALUES (580,' num151', '1992-03-04' ,62, 760);INSERT INTO Transaction (transaction_ID, transactionNum, transactionDate, transactionType_ID, account_ID)VALUES (828,' num891', '1992-03-04' ,62, 760);INSERT INTO Transaction (transaction_ID, transactionNum, transactionDate, transactionType_ID, account_ID)VALUES (685,' num753', '1992-03-04' ,62, 760);INSERT INTO Transaction (transaction_ID, transactionNum, transactionDate, transactionType_ID, account_ID)VALUES (69,' num680', '1992-03-04' ,62, 760);INSERT INTO Transaction (transaction_ID, transactionNum, transactionDate, transactionType_ID, account_ID)VALUES (812,' num11', '1992-03-04' ,62, 760);INSERT INTO Transaction (transaction_ID, transactionNum, transactionDate, transactionType_ID, account_ID)VALUES (684,' num81', '1992-03-04' ,459, 760);INSERT INTO Transaction (transaction_ID, transactionNum, transactionDate, transactionType_ID, account_ID)VALUES (350,' num629', '1992-03-04' ,459, 760);INSERT INTO Transaction (transaction_ID, transactionNum, transactionDate, transactionType_ID, account_ID)VALUES (534,' num287', '1992-03-04' ,62, 760);INSERT INTO Transaction (transaction_ID, transactionNum, transactionDate, transactionType_ID, account_ID)VALUES (408,' num135', '1992-03-04' ,459, 760);INSERT INTO Transaction (transaction_ID, transactionNum, transactionDate, transactionType_ID, account_ID)VALUES (192,' num545', '1992-03-04' ,62, 760);INSERT INTO Transaction (transaction_ID, transactionNum, transactionDate, transactionType_ID, account_ID)VALUES (240,' num572', '1992-03-04' ,459, 760);INSERT INTO Transaction (transaction_ID, transactionNum, transactionDate, transactionType_ID, account_ID)VALUES (839,' num330', '1992-03-04' ,459, 760);INSERT INTO Transaction (transaction_ID, transactionNum, transactionDate, transactionType_ID, account_ID)VALUES (588,' num197', '1992-03-04' ,62, 760);INSERT INTO Transaction (transaction_ID, transactionNum, transactionDate, transactionType_ID, account_ID)VALUES (369,' num895', '1992-03-04' ,62, 760);INSERT INTO Transaction (transaction_ID, transactionNum, transactionDate, transactionType_ID, account_ID)VALUES (859,' num91', '1992-03-04' ,459, 760);INSERT INTO Transaction (transaction_ID, transactionNum, transactionDate, transactionType_ID, account_ID)VALUES (774,' num4', '1992-03-04' ,62, 760);INSERT INTO Transaction (transaction_ID, transactionNum, transactionDate, transactionType_ID, account_ID)VALUES (98,' num354', '1992-03-04' ,62, 760);INSERT INTO Transaction (transaction_ID, transactionNum, transactionDate, transactionType_ID, account_ID)VALUES (569,' num526', '1992-03-04' ,459, 760);INSERT INTO Transaction (transaction_ID, transactionNum, transactionDate, transactionType_ID, account_ID)VALUES (148,' num887', '1992-03-04' ,459, 760);INSERT INTO Transaction (transaction_ID, transactionNum, transactionDate, transactionType_ID, account_ID)VALUES (648,' num439', '1992-03-04' ,62, 760);INSERT INTO Transaction (transaction_ID, transactionNum, transactionDate, transactionType_ID, account_ID)VALUES (878,' num198', '1992-03-04' ,459, 760);INSERT INTO Transaction (transaction_ID, transactionNum, transactionDate, transactionType_ID, account_ID)VALUES (985,' num645', '1992-03-04' ,62, 760);INSERT INTO Transaction (transaction_ID, transactionNum, transactionDate, transactionType_ID, account_ID)VALUES (626,' num223', '1992-03-04' ,459, 760);INSERT INTO Transaction (transaction_ID, transactionNum, transactionDate, transactionType_ID, account_ID)VALUES (574,' num62', '1992-03-04' ,62, 760);INSERT INTO Transaction (transaction_ID, transactionNum, transactionDate, transactionType_ID, account_ID)VALUES (879,' num139', '1992-03-04' ,62, 760);INSERT INTO Transaction (transaction_ID, transactionNum, transactionDate, transactionType_ID, account_ID)VALUES (178,' num675', '1992-03-04' ,62, 760);INSERT INTO Transaction (transaction_ID, transactionNum, transactionDate, transactionType_ID, account_ID)VALUES (627,' num371', '1992-03-04' ,459, 760);INSERT INTO Transaction (transaction_ID, transactionNum, transactionDate, transactionType_ID, account_ID)VALUES (278,' num63', '1992-03-04' ,459, 760);INSERT INTO Transaction (transaction_ID, transactionNum, transactionDate, transactionType_ID, account_ID)VALUES (70,' num145', '1992-03-04' ,62, 760);INSERT INTO Transaction (transaction_ID, transactionNum, transactionDate, transactionType_ID, account_ID)VALUES (300,' num109', '1992-03-04' ,62, 760);INSERT INTO Transaction (transaction_ID, transactionNum, transactionDate, transactionType_ID, account_ID)VALUES (191,' num908', '1992-03-04' ,459, 760);INSERT INTO Transaction (transaction_ID, transactionNum, transactionDate, transactionType_ID, account_ID)VALUES (422,' num355', '1992-03-04' ,62, 760);INSERT INTO Transaction (transaction_ID, transactionNum, transactionDate, transactionType_ID, account_ID)VALUES (621,' num163', '1992-03-04' ,62, 760);INSERT INTO Transaction (transaction_ID, transactionNum, transactionDate, transactionType_ID, account_ID)VALUES (145,' num888', '1992-03-04' ,62, 760);INSERT INTO Transaction (transaction_ID, transactionNum, transactionDate, transactionType_ID, account_ID)VALUES (284,' num360', '1992-03-04' ,62, 760);INSERT INTO Transaction (transaction_ID, transactionNum, transactionDate, transactionType_ID, account_ID)VALUES (819,' num484', '1992-03-04' ,62, 760);INSERT INTO Transaction (transaction_ID, transactionNum, transactionDate, transactionType_ID, account_ID)VALUES (766,' num911', '1992-03-04' ,459, 760);INSERT INTO Transaction (transaction_ID, transactionNum, transactionDate, transactionType_ID, account_ID)VALUES (330,' num390', '1992-03-04' ,62, 760);INSERT INTO Transaction (transaction_ID, transactionNum, transactionDate, transactionType_ID, account_ID)VALUES (325,' num667', '1992-03-04' ,62, 760);INSERT INTO Transaction (transaction_ID, transactionNum, transactionDate, transactionType_ID, account_ID)VALUES (205,' num491', '1992-03-04' ,459, 760);INSERT INTO Transaction (transaction_ID, transactionNum, transactionDate, transactionType_ID, account_ID)VALUES (929,' num175', '1992-03-04' ,62, 760);INSERT INTO Transaction (transaction_ID, transactionNum, transactionDate, transactionType_ID, account_ID)VALUES (174,' num709', '1992-03-04' ,459, 760);INSERT INTO Transaction (transaction_ID, transactionNum, transactionDate, transactionType_ID, account_ID)VALUES (911,' num322', '1992-03-04' ,62, 760);INSERT INTO Transaction (transaction_ID, transactionNum, transactionDate, transactionType_ID, account_ID)VALUES (585,' num157', '1992-03-04' ,459, 760);INSERT INTO Transaction (transaction_ID, transactionNum, transactionDate, transactionType_ID, account_ID)VALUES (726,' num829', '1992-03-04' ,62, 760);INSERT INTO Transaction (transaction_ID, transactionNum, transactionDate, transactionType_ID, account_ID)VALUES (797,' num960', '1992-03-04' ,459, 760);INSERT INTO Transaction (transaction_ID, transactionNum, transactionDate, transactionType_ID, account_ID)VALUES (292,' num857', '1992-03-04' ,459, 760);INSERT INTO Transaction (transaction_ID, transactionNum, transactionDate, transactionType_ID, account_ID)VALUES (395,' num922', '1992-03-04' ,459, 760);INSERT INTO Transaction (transaction_ID, transactionNum, transactionDate, transactionType_ID, account_ID)VALUES (895,' num624', '1992-03-04' ,459, 760);INSERT INTO Transaction (transaction_ID, transactionNum, transactionDate, transactionType_ID, account_ID)VALUES (426,' num282', '1992-03-04' ,62, 760);INSERT INTO Transaction (transaction_ID, transactionNum, transactionDate, transactionType_ID, account_ID)VALUES (545,' num318', '1992-03-04' ,62, 760);INSERT INTO Transaction (transaction_ID, transactionNum, transactionDate, transactionType_ID, account_ID)VALUES (450,' num417', '1992-03-04' ,62, 760);INSERT INTO Transaction (transaction_ID, transactionNum, transactionDate, transactionType_ID, account_ID)VALUES (527,' num276', '1992-03-04' ,459, 760);INSERT INTO Transaction (transaction_ID, transactionNum, transactionDate, transactionType_ID, account_ID)VALUES (258,' num868', '1992-03-04' ,62, 760);INSERT INTO Transaction (transaction_ID, transactionNum, transactionDate, transactionType_ID, account_ID)VALUES (241,' num438', '1992-03-04' ,459, 760);INSERT INTO Transaction (transaction_ID, transactionNum, transactionDate, transactionType_ID, account_ID)VALUES (944,' num386', '1992-03-04' ,459, 760);INSERT INTO Transaction (transaction_ID, transactionNum, transactionDate, transactionType_ID, account_ID)VALUES (718,' num160', '1992-03-04' ,459, 760);INSERT INTO Transaction (transaction_ID, transactionNum, transactionDate, transactionType_ID, account_ID)VALUES (429,' num631', '1992-03-04' ,62, 760);INSERT INTO Transaction (transaction_ID, transactionNum, transactionDate, transactionType_ID, account_ID)VALUES (454,' num388', '1992-03-04' ,459, 760);INSERT INTO Transaction (transaction_ID, transactionNum, transactionDate, transactionType_ID, account_ID)VALUES (735,' num216', '1992-03-04' ,459, 760);INSERT INTO Transaction (transaction_ID, transactionNum, transactionDate, transactionType_ID, account_ID)VALUES (221,' num182', '1992-03-04' ,459, 760);INSERT INTO Transaction (transaction_ID, transactionNum, transactionDate, transactionType_ID, account_ID)VALUES (335,' num864', '1992-03-04' ,459, 760);INSERT INTO Transaction (transaction_ID, transactionNum, transactionDate, transactionType_ID, account_ID)VALUES (733,' num487', '1992-03-04' ,459, 760);INSERT INTO Transaction (transaction_ID, transactionNum, transactionDate, transactionType_ID, account_ID)VALUES (131,' num522', '1992-03-04' ,459, 760);INSERT INTO Transaction (transaction_ID, transactionNum, transactionDate, transactionType_ID, account_ID)VALUES (441,' num532', '1992-03-04' ,62, 760);INSERT INTO Transaction (transaction_ID, transactionNum, transactionDate, transactionType_ID, account_ID)VALUES (885,' num118', '1992-03-04' ,459, 760);INSERT INTO Transaction (transaction_ID, transactionNum, transactionDate, transactionType_ID, account_ID)VALUES (124,' num768', '1992-03-04' ,62, 760);INSERT INTO Transaction (transaction_ID, transactionNum, transactionDate, transactionType_ID, account_ID)VALUES (433,' num136', '1992-03-04' ,459, 760);INSERT INTO Transaction (transaction_ID, transactionNum, transactionDate, transactionType_ID, account_ID)VALUES (357,' num738', '1992-03-04' ,62, 760);INSERT INTO Transaction (transaction_ID, transactionNum, transactionDate, transactionType_ID, account_ID)VALUES (315,' num564', '1992-03-04' ,62, 760);INSERT INTO Transaction (transaction_ID, transactionNum, transactionDate, transactionType_ID, account_ID)VALUES (933,' num92', '1992-03-04' ,459, 760);INSERT INTO Transaction (transaction_ID, transactionNum, transactionDate, transactionType_ID, account_ID)VALUES (436,' num601', '1992-03-04' ,62, 857);INSERT INTO Transaction (transaction_ID, transactionNum, transactionDate, transactionType_ID, account_ID)VALUES (151,' num291', '1992-03-04' ,459, 857);INSERT INTO Transaction (transaction_ID, transactionNum, transactionDate, transactionType_ID, account_ID)VALUES (512,' num827', '1992-03-04' ,459, 857);INSERT INTO Transaction (transaction_ID, transactionNum, transactionDate, transactionType_ID, account_ID)VALUES (1000,' num430', '1992-03-04' ,62, 857);INSERT INTO Transaction (transaction_ID, transactionNum, transactionDate, transactionType_ID, account_ID)VALUES (56,' num399', '1992-03-04' ,62, 857);INSERT INTO Transaction (transaction_ID, transactionNum, transactionDate, transactionType_ID, account_ID)VALUES (365,' num143', '1992-03-04' ,62, 857);INSERT INTO Transaction (transaction_ID, transactionNum, transactionDate, transactionType_ID, account_ID)VALUES (404,' num281', '1992-03-04' ,62, 857);INSERT INTO Transaction (transaction_ID, transactionNum, transactionDate, transactionType_ID, account_ID)VALUES (418,' num372', '1992-03-04' ,459, 857);INSERT INTO Transaction (transaction_ID, transactionNum, transactionDate, transactionType_ID, account_ID)VALUES (410,' num539', '1992-03-04' ,62, 857);INSERT INTO Transaction (transaction_ID, transactionNum, transactionDate, transactionType_ID, account_ID)VALUES (392,' num901', '1992-03-04' ,62, 857);INSERT INTO Transaction (transaction_ID, transactionNum, transactionDate, transactionType_ID, account_ID)VALUES (310,' num961', '1992-03-04' ,62, 857);INSERT INTO Transaction (transaction_ID, transactionNum, transactionDate, transactionType_ID, account_ID)VALUES (662,' num385', '1992-03-04' ,459, 857);INSERT INTO Transaction (transaction_ID, transactionNum, transactionDate, transactionType_ID, account_ID)VALUES (628,' num453', '1992-03-04' ,62, 857);INSERT INTO Transaction (transaction_ID, transactionNum, transactionDate, transactionType_ID, account_ID)VALUES (593,' num646', '1992-03-04' ,459, 857);INSERT INTO Transaction (transaction_ID, transactionNum, transactionDate, transactionType_ID, account_ID)VALUES (705,' num497', '1992-03-04' ,459, 857);INSERT INTO Transaction (transaction_ID, transactionNum, transactionDate, transactionType_ID, account_ID)VALUES (605,' num248', '1992-03-04' ,459, 857);INSERT INTO Transaction (transaction_ID, transactionNum, transactionDate, transactionType_ID, account_ID)VALUES (612,' num358', '1992-03-04' ,62, 857);INSERT INTO Transaction (transaction_ID, transactionNum, transactionDate, transactionType_ID, account_ID)VALUES (452,' num130', '1992-03-04' ,62, 857);INSERT INTO Transaction (transaction_ID, transactionNum, transactionDate, transactionType_ID, account_ID)VALUES (117,' num434', '1992-03-04' ,459, 857);INSERT INTO Transaction (transaction_ID, transactionNum, transactionDate, transactionType_ID, account_ID)VALUES (142,' num275', '1992-03-04' ,459, 857);INSERT INTO Transaction (transaction_ID, transactionNum, transactionDate, transactionType_ID, account_ID)VALUES (535,' num595', '1992-03-04' ,459, 857);INSERT INTO Transaction (transaction_ID, transactionNum, transactionDate, transactionType_ID, account_ID)VALUES (748,' num411', '1992-03-04' ,459, 857);INSERT INTO Transaction (transaction_ID, transactionNum, transactionDate, transactionType_ID, account_ID)VALUES (640,' num879', '1992-03-04' ,62, 857);INSERT INTO Transaction (transaction_ID, transactionNum, transactionDate, transactionType_ID, account_ID)VALUES (680,' num359', '1992-03-04' ,62, 857);INSERT INTO Transaction (transaction_ID, transactionNum, transactionDate, transactionType_ID, account_ID)VALUES (279,' num17', '1992-03-04' ,62, 857);INSERT INTO Transaction (transaction_ID, transactionNum, transactionDate, transactionType_ID, account_ID)VALUES (914,' num720', '1992-03-04' ,459, 857);INSERT INTO Transaction (transaction_ID, transactionNum, transactionDate, transactionType_ID, account_ID)VALUES (267,' num900', '1992-03-04' ,459, 857);INSERT INTO Transaction (transaction_ID, transactionNum, transactionDate, transactionType_ID, account_ID)VALUES (195,' num659', '1992-03-04' ,459, 857);INSERT INTO Transaction (transaction_ID, transactionNum, transactionDate, transactionType_ID, account_ID)VALUES (950,' num209', '1992-03-04' ,459, 857);INSERT INTO Transaction (transaction_ID, transactionNum, transactionDate, transactionType_ID, account_ID)VALUES (182,' num652', '1992-03-04' ,459, 857);INSERT INTO Transaction (transaction_ID, transactionNum, transactionDate, transactionType_ID, account_ID)VALUES (713,' num995', '1992-03-04' ,459, 857);INSERT INTO Transaction (transaction_ID, transactionNum, transactionDate, transactionType_ID, account_ID)VALUES (692,' num351', '1992-03-04' ,459, 857);INSERT INTO Transaction (transaction_ID, transactionNum, transactionDate, transactionType_ID, account_ID)VALUES (882,' num710', '1992-03-04' ,459, 857);INSERT INTO Transaction (transaction_ID, transactionNum, transactionDate, transactionType_ID, account_ID)VALUES (38,' num403', '1992-03-04' ,459, 857);INSERT INTO Transaction (transaction_ID, transactionNum, transactionDate, transactionType_ID, account_ID)VALUES (716,' num676', '1992-03-04' ,62, 857);INSERT INTO Transaction (transaction_ID, transactionNum, transactionDate, transactionType_ID, account_ID)VALUES (505,' num256', '1992-03-04' ,459, 857);INSERT INTO Transaction (transaction_ID, transactionNum, transactionDate, transactionType_ID, account_ID)VALUES (689,' num190', '1992-03-04' ,459, 857);INSERT INTO Transaction (transaction_ID, transactionNum, transactionDate, transactionType_ID, account_ID)VALUES (321,' num602', '1992-03-04' ,62, 857);INSERT INTO Transaction (transaction_ID, transactionNum, transactionDate, transactionType_ID, account_ID)VALUES (676,' num541', '1992-03-04' ,62, 857);INSERT INTO Transaction (transaction_ID, transactionNum, transactionDate, transactionType_ID, account_ID)VALUES (336,' num205', '1992-03-04' ,62, 857);INSERT INTO Transaction (transaction_ID, transactionNum, transactionDate, transactionType_ID, account_ID)VALUES (867,' num456', '1992-03-04' ,459, 857);INSERT INTO Transaction (transaction_ID, transactionNum, transactionDate, transactionType_ID, account_ID)VALUES (462,' num303', '1992-03-04' ,459, 857);INSERT INTO Transaction (transaction_ID, transactionNum, transactionDate, transactionType_ID, account_ID)VALUES (466,' num549', '1992-03-04' ,459, 857);INSERT INTO Transaction (transaction_ID, transactionNum, transactionDate, transactionType_ID, account_ID)VALUES (83,' num68', '1992-03-04' ,459, 857);INSERT INTO Transaction (transaction_ID, transactionNum, transactionDate, transactionType_ID, account_ID)VALUES (128,' num213', '1992-03-04' ,62, 857);INSERT INTO Transaction (transaction_ID, transactionNum, transactionDate, transactionType_ID, account_ID)VALUES (570,' num856', '1992-03-04' ,459, 857);INSERT INTO Transaction (transaction_ID, transactionNum, transactionDate, transactionType_ID, account_ID)VALUES (897,' num804', '1992-03-04' ,62, 857);INSERT INTO Transaction (transaction_ID, transactionNum, transactionDate, transactionType_ID, account_ID)VALUES (175,' num571', '1992-03-04' ,459, 857);INSERT INTO Transaction (transaction_ID, transactionNum, transactionDate, transactionType_ID, account_ID)VALUES (318,' num591', '1992-03-04' ,459, 857);INSERT INTO Transaction (transaction_ID, transactionNum, transactionDate, transactionType_ID, account_ID)VALUES (978,' num757', '1992-03-04' ,459, 857);INSERT INTO Transaction (transaction_ID, transactionNum, transactionDate, transactionType_ID, account_ID)VALUES (697,' num878', '1992-03-04' ,62, 857);INSERT INTO Transaction (transaction_ID, transactionNum, transactionDate, transactionType_ID, account_ID)VALUES (275,' num409', '1992-03-04' ,62, 857);INSERT INTO Transaction (transaction_ID, transactionNum, transactionDate, transactionType_ID, account_ID)VALUES (832,' num606', '1992-03-04' ,62, 857);INSERT INTO Transaction (transaction_ID, transactionNum, transactionDate, transactionType_ID, account_ID)VALUES (696,' num893', '1992-03-04' ,459, 857);INSERT INTO Transaction (transaction_ID, transactionNum, transactionDate, transactionType_ID, account_ID)VALUES (712,' num906', '1992-03-04' ,459, 857);INSERT INTO Transaction (transaction_ID, transactionNum, transactionDate, transactionType_ID, account_ID)VALUES (135,' num550', '1992-03-04' ,62, 857);INSERT INTO Transaction (transaction_ID, transactionNum, transactionDate, transactionType_ID, account_ID)VALUES (509,' num13', '1992-03-04' ,62, 857);INSERT INTO Transaction (transaction_ID, transactionNum, transactionDate, transactionType_ID, account_ID)VALUES (917,' num855', '1992-03-04' ,459, 857);INSERT INTO Transaction (transaction_ID, transactionNum, transactionDate, transactionType_ID, account_ID)VALUES (36,' num502', '1992-03-04' ,459, 857);INSERT INTO Transaction (transaction_ID, transactionNum, transactionDate, transactionType_ID, account_ID)VALUES (239,' num590', '1992-03-04' ,62, 857);INSERT INTO Transaction (transaction_ID, transactionNum, transactionDate, transactionType_ID, account_ID)VALUES (668,' num14', '1992-03-04' ,459, 857);INSERT INTO Transaction (transaction_ID, transactionNum, transactionDate, transactionType_ID, account_ID)VALUES (995,' num225', '1992-03-04' ,62, 857);INSERT INTO Transaction (transaction_ID, transactionNum, transactionDate, transactionType_ID, account_ID)VALUES (803,' num187', '1992-03-04' ,459, 857);INSERT INTO Transaction (transaction_ID, transactionNum, transactionDate, transactionType_ID, account_ID)VALUES (972,' num749', '1992-03-04' ,459, 857);INSERT INTO Transaction (transaction_ID, transactionNum, transactionDate, transactionType_ID, account_ID)VALUES (513,' num635', '1992-03-04' ,459, 857);INSERT INTO Transaction (transaction_ID, transactionNum, transactionDate, transactionType_ID, account_ID)VALUES (320,' num431', '1992-03-04' ,459, 857);INSERT INTO Transaction (transaction_ID, transactionNum, transactionDate, transactionType_ID, account_ID)VALUES (763,' num337', '1992-03-04' ,62, 857);INSERT INTO Transaction (transaction_ID, transactionNum, transactionDate, transactionType_ID, account_ID)VALUES (537,' num949', '1992-03-04' ,459, 857);INSERT INTO Transaction (transaction_ID, transactionNum, transactionDate, transactionType_ID, account_ID)VALUES (522,' num427', '1992-03-04' ,62, 857);INSERT INTO Transaction (transaction_ID, transactionNum, transactionDate, transactionType_ID, account_ID)VALUES (384,' num786', '1992-03-04' ,459, 857);INSERT INTO Transaction (transaction_ID, transactionNum, transactionDate, transactionType_ID, account_ID)VALUES (741,' num739', '1992-03-04' ,459, 857);INSERT INTO Transaction (transaction_ID, transactionNum, transactionDate, transactionType_ID, account_ID)VALUES (4,' num927', '1992-03-04' ,459, 857);INSERT INTO Transaction (transaction_ID, transactionNum, transactionDate, transactionType_ID, account_ID)VALUES (811,' num452', '1992-03-04' ,62, 857);INSERT INTO Transaction (transaction_ID, transactionNum, transactionDate, transactionType_ID, account_ID)VALUES (293,' num71', '1992-03-04' ,459, 857);INSERT INTO Transaction (transaction_ID, transactionNum, transactionDate, transactionType_ID, account_ID)VALUES (871,' num885', '1992-03-04' ,62, 857);INSERT INTO Transaction (transaction_ID, transactionNum, transactionDate, transactionType_ID, account_ID)VALUES (760,' num364', '1992-03-04' ,459, 857);INSERT INTO Transaction (transaction_ID, transactionNum, transactionDate, transactionType_ID, account_ID)VALUES (123,' num7', '1992-03-04' ,62, 857);INSERT INTO Transaction (transaction_ID, transactionNum, transactionDate, transactionType_ID, account_ID)VALUES (465,' num808', '1992-03-04' ,459, 857);INSERT INTO Transaction (transaction_ID, transactionNum, transactionDate, transactionType_ID, account_ID)VALUES (667,' num551', '1992-03-04' ,459, 857);INSERT INTO Transaction (transaction_ID, transactionNum, transactionDate, transactionType_ID, account_ID)VALUES (737,' num335', '1992-03-04' ,62, 857);INSERT INTO Transaction (transaction_ID, transactionNum, transactionDate, transactionType_ID, account_ID)VALUES (473,' num50', '1992-03-04' ,62, 857);INSERT INTO Transaction (transaction_ID, transactionNum, transactionDate, transactionType_ID, account_ID)VALUES (507,' num714', '1992-03-04' ,62, 857);INSERT INTO Transaction (transaction_ID, transactionNum, transactionDate, transactionType_ID, account_ID)VALUES (12,' num573', '1992-03-04' ,62, 857);INSERT INTO Transaction (transaction_ID, transactionNum, transactionDate, transactionType_ID, account_ID)VALUES (343,' num836', '1992-03-04' ,459, 857);INSERT INTO Transaction (transaction_ID, transactionNum, transactionDate, transactionType_ID, account_ID)VALUES (805,' num921', '1992-03-04' ,459, 857);INSERT INTO Transaction (transaction_ID, transactionNum, transactionDate, transactionType_ID, account_ID)VALUES (34,' num339', '1992-03-04' ,62, 857);INSERT INTO Transaction (transaction_ID, transactionNum, transactionDate, transactionType_ID, account_ID)VALUES (814,' num414', '1992-03-04' ,459, 857);INSERT INTO Transaction (transaction_ID, transactionNum, transactionDate, transactionType_ID, account_ID)VALUES (656,' num557', '1992-03-04' ,459, 857);INSERT INTO Transaction (transaction_ID, transactionNum, transactionDate, transactionType_ID, account_ID)VALUES (755,' num793', '1992-03-04' ,459, 857);INSERT INTO Transaction (transaction_ID, transactionNum, transactionDate, transactionType_ID, account_ID)VALUES (340,' num902', '1992-03-04' ,62, 857);INSERT INTO Transaction (transaction_ID, transactionNum, transactionDate, transactionType_ID, account_ID)VALUES (19,' num259', '1992-03-04' ,62, 857);INSERT INTO Transaction (transaction_ID, transactionNum, transactionDate, transactionType_ID, account_ID)VALUES (810,' num896', '1992-03-04' ,459, 857);INSERT INTO Transaction (transaction_ID, transactionNum, transactionDate, transactionType_ID, account_ID)VALUES (273,' num639', '1992-03-04' ,62, 857);INSERT INTO Transaction (transaction_ID, transactionNum, transactionDate, transactionType_ID, account_ID)VALUES (694,' num327', '1992-03-04' ,62, 857);INSERT INTO Transaction (transaction_ID, transactionNum, transactionDate, transactionType_ID, account_ID)VALUES (949,' num264', '1992-03-04' ,459, 857);INSERT INTO Transaction (transaction_ID, transactionNum, transactionDate, transactionType_ID, account_ID)VALUES (602,' num575', '1992-03-04' ,62, 857);INSERT INTO Transaction (transaction_ID, transactionNum, transactionDate, transactionType_ID, account_ID)VALUES (723,' num682', '1992-03-04' ,459, 857);INSERT INTO Transaction (transaction_ID, transactionNum, transactionDate, transactionType_ID, account_ID)VALUES (45,' num193', '1992-03-04' ,62, 857);INSERT INTO Transaction (transaction_ID, transactionNum, transactionDate, transactionType_ID, account_ID)VALUES (295,' num873', '1992-03-04' ,62, 361);INSERT INTO Transaction (transaction_ID, transactionNum, transactionDate, transactionType_ID, account_ID)VALUES (271,' num457', '1992-03-04' ,62, 361);INSERT INTO Transaction (transaction_ID, transactionNum, transactionDate, transactionType_ID, account_ID)VALUES (637,' num560', '1992-03-04' ,62, 361);INSERT INTO Transaction (transaction_ID, transactionNum, transactionDate, transactionType_ID, account_ID)VALUES (247,' num759', '1992-03-04' ,459, 361);INSERT INTO Transaction (transaction_ID, transactionNum, transactionDate, transactionType_ID, account_ID)VALUES (497,' num32', '1992-03-04' ,459, 361);INSERT INTO Transaction (transaction_ID, transactionNum, transactionDate, transactionType_ID, account_ID)VALUES (286,' num851', '1992-03-04' ,62, 361);INSERT INTO Transaction (transaction_ID, transactionNum, transactionDate, transactionType_ID, account_ID)VALUES (833,' num98', '1992-03-04' ,459, 361);INSERT INTO Transaction (transaction_ID, transactionNum, transactionDate, transactionType_ID, account_ID)VALUES (945,' num95', '1992-03-04' ,62, 361);INSERT INTO Transaction (transaction_ID, transactionNum, transactionDate, transactionType_ID, account_ID)VALUES (24,' num454', '1992-03-04' ,459, 361);INSERT INTO Transaction (transaction_ID, transactionNum, transactionDate, transactionType_ID, account_ID)VALUES (792,' num86', '1992-03-04' ,62, 361);INSERT INTO Transaction (transaction_ID, transactionNum, transactionDate, transactionType_ID, account_ID)VALUES (407,' num301', '1992-03-04' ,62, 361);INSERT INTO Transaction (transaction_ID, transactionNum, transactionDate, transactionType_ID, account_ID)VALUES (207,' num316', '1992-03-04' ,459, 361);INSERT INTO Transaction (transaction_ID, transactionNum, transactionDate, transactionType_ID, account_ID)VALUES (890,' num271', '1992-03-04' ,62, 361);INSERT INTO Transaction (transaction_ID, transactionNum, transactionDate, transactionType_ID, account_ID)VALUES (845,' num728', '1992-03-04' ,62, 361);INSERT INTO Transaction (transaction_ID, transactionNum, transactionDate, transactionType_ID, account_ID)VALUES (795,' num215', '1992-03-04' ,62, 361);INSERT INTO Transaction (transaction_ID, transactionNum, transactionDate, transactionType_ID, account_ID)VALUES (746,' num754', '1992-03-04' ,459, 361);INSERT INTO Transaction (transaction_ID, transactionNum, transactionDate, transactionType_ID, account_ID)VALUES (169,' num401', '1992-03-04' ,459, 361);INSERT INTO Transaction (transaction_ID, transactionNum, transactionDate, transactionType_ID, account_ID)VALUES (687,' num844', '1992-03-04' ,459, 361);INSERT INTO Transaction (transaction_ID, transactionNum, transactionDate, transactionType_ID, account_ID)VALUES (307,' num997', '1992-03-04' ,459, 361);INSERT INTO Transaction (transaction_ID, transactionNum, transactionDate, transactionType_ID, account_ID)VALUES (613,' num809', '1992-03-04' ,62, 361);INSERT INTO Transaction (transaction_ID, transactionNum, transactionDate, transactionType_ID, account_ID)VALUES (701,' num338', '1992-03-04' ,459, 361);INSERT INTO Transaction (transaction_ID, transactionNum, transactionDate, transactionType_ID, account_ID)VALUES (280,' num440', '1992-03-04' ,459, 361);INSERT INTO Transaction (transaction_ID, transactionNum, transactionDate, transactionType_ID, account_ID)VALUES (312,' num805', '1992-03-04' ,459, 361);INSERT INTO Transaction (transaction_ID, transactionNum, transactionDate, transactionType_ID, account_ID)VALUES (405,' num617', '1992-03-04' ,62, 361);INSERT INTO Transaction (transaction_ID, transactionNum, transactionDate, transactionType_ID, account_ID)VALUES (265,' num920', '1992-03-04' ,459, 361);INSERT INTO Transaction (transaction_ID, transactionNum, transactionDate, transactionType_ID, account_ID)VALUES (539,' num334', '1992-03-04' ,459, 361);INSERT INTO Transaction (transaction_ID, transactionNum, transactionDate, transactionType_ID, account_ID)VALUES (533,' num400', '1992-03-04' ,459, 361);INSERT INTO Transaction (transaction_ID, transactionNum, transactionDate, transactionType_ID, account_ID)VALUES (678,' num75', '1992-03-04' ,459, 361);INSERT INTO Transaction (transaction_ID, transactionNum, transactionDate, transactionType_ID, account_ID)VALUES (624,' num408', '1992-03-04' ,62, 361);INSERT INTO Transaction (transaction_ID, transactionNum, transactionDate, transactionType_ID, account_ID)VALUES (863,' num848', '1992-03-04' ,459, 361);INSERT INTO Transaction (transaction_ID, transactionNum, transactionDate, transactionType_ID, account_ID)VALUES (73,' num765', '1992-03-04' ,62, 361);INSERT INTO Transaction (transaction_ID, transactionNum, transactionDate, transactionType_ID, account_ID)VALUES (548,' num195', '1992-03-04' ,459, 361);INSERT INTO Transaction (transaction_ID, transactionNum, transactionDate, transactionType_ID, account_ID)VALUES (551,' num913', '1992-03-04' ,62, 361);INSERT INTO Transaction (transaction_ID, transactionNum, transactionDate, transactionType_ID, account_ID)VALUES (470,' num507', '1992-03-04' ,62, 361);INSERT INTO Transaction (transaction_ID, transactionNum, transactionDate, transactionType_ID, account_ID)VALUES (825,' num577', '1992-03-04' ,459, 361);INSERT INTO Transaction (transaction_ID, transactionNum, transactionDate, transactionType_ID, account_ID)VALUES (39,' num477', '1992-03-04' ,62, 361);INSERT INTO Transaction (transaction_ID, transactionNum, transactionDate, transactionType_ID, account_ID)VALUES (707,' num711', '1992-03-04' ,62, 361);INSERT INTO Transaction (transaction_ID, transactionNum, transactionDate, transactionType_ID, account_ID)VALUES (988,' num779', '1992-03-04' ,459, 361);INSERT INTO Transaction (transaction_ID, transactionNum, transactionDate, transactionType_ID, account_ID)VALUES (848,' num599', '1992-03-04' ,62, 361);INSERT INTO Transaction (transaction_ID, transactionNum, transactionDate, transactionType_ID, account_ID)VALUES (344,' num932', '1992-03-04' ,459, 361);INSERT INTO Transaction (transaction_ID, transactionNum, transactionDate, transactionType_ID, account_ID)VALUES (951,' num435', '1992-03-04' ,62, 361);INSERT INTO Transaction (transaction_ID, transactionNum, transactionDate, transactionType_ID, account_ID)VALUES (254,' num262', '1992-03-04' ,459, 361);INSERT INTO Transaction (transaction_ID, transactionNum, transactionDate, transactionType_ID, account_ID)VALUES (725,' num304', '1992-03-04' ,62, 361);INSERT INTO Transaction (transaction_ID, transactionNum, transactionDate, transactionType_ID, account_ID)VALUES (894,' num233', '1992-03-04' ,459, 361);INSERT INTO Transaction (transaction_ID, transactionNum, transactionDate, transactionType_ID, account_ID)VALUES (938,' num563', '1992-03-04' ,62, 361);INSERT INTO Transaction (transaction_ID, transactionNum, transactionDate, transactionType_ID, account_ID)VALUES (85,' num133', '1992-03-04' ,62, 361);INSERT INTO Transaction (transaction_ID, transactionNum, transactionDate, transactionType_ID, account_ID)VALUES (262,' num831', '1992-03-04' ,459, 361);INSERT INTO Transaction (transaction_ID, transactionNum, transactionDate, transactionType_ID, account_ID)VALUES (496,' num395', '1992-03-04' ,459, 361);INSERT INTO Transaction (transaction_ID, transactionNum, transactionDate, transactionType_ID, account_ID)VALUES (475,' num511', '1992-03-04' ,459, 361);INSERT INTO Transaction (transaction_ID, transactionNum, transactionDate, transactionType_ID, account_ID)VALUES (753,' num200', '1992-03-04' ,459, 361);INSERT INTO Transaction (transaction_ID, transactionNum, transactionDate, transactionType_ID, account_ID)VALUES (177,' num516', '1992-03-04' ,62, 361);INSERT INTO Transaction (transaction_ID, transactionNum, transactionDate, transactionType_ID, account_ID)VALUES (590,' num6', '1992-03-04' ,459, 361);INSERT INTO Transaction (transaction_ID, transactionNum, transactionDate, transactionType_ID, account_ID)VALUES (61,' num429', '1992-03-04' ,62, 361);INSERT INTO Transaction (transaction_ID, transactionNum, transactionDate, transactionType_ID, account_ID)VALUES (607,' num51', '1992-03-04' ,459, 361);INSERT INTO Transaction (transaction_ID, transactionNum, transactionDate, transactionType_ID, account_ID)VALUES (836,' num82', '1992-03-04' ,62, 361);INSERT INTO Transaction (transaction_ID, transactionNum, transactionDate, transactionType_ID, account_ID)VALUES (785,' num973', '1992-03-04' ,62, 361);INSERT INTO Transaction (transaction_ID, transactionNum, transactionDate, transactionType_ID, account_ID)VALUES (660,' num986', '1992-03-04' ,459, 361);INSERT INTO Transaction (transaction_ID, transactionNum, transactionDate, transactionType_ID, account_ID)VALUES (6,' num771', '1992-03-04' ,62, 361);INSERT INTO Transaction (transaction_ID, transactionNum, transactionDate, transactionType_ID, account_ID)VALUES (691,' num702', '1992-03-04' ,459, 361);INSERT INTO Transaction (transaction_ID, transactionNum, transactionDate, transactionType_ID, account_ID)VALUES (567,' num495', '1992-03-04' ,62, 361);INSERT INTO Transaction (transaction_ID, transactionNum, transactionDate, transactionType_ID, account_ID)VALUES (435,' num90', '1992-03-04' ,459, 361);INSERT INTO Transaction (transaction_ID, transactionNum, transactionDate, transactionType_ID, account_ID)VALUES (927,' num212', '1992-03-04' ,62, 361);INSERT INTO Transaction (transaction_ID, transactionNum, transactionDate, transactionType_ID, account_ID)VALUES (428,' num946', '1992-03-04' ,62, 361);INSERT INTO Transaction (transaction_ID, transactionNum, transactionDate, transactionType_ID, account_ID)VALUES (99,' num852', '1992-03-04' ,459, 361);INSERT INTO Transaction (transaction_ID, transactionNum, transactionDate, transactionType_ID, account_ID)VALUES (649,' num426', '1992-03-04' ,459, 361);INSERT INTO Transaction (transaction_ID, transactionNum, transactionDate, transactionType_ID, account_ID)VALUES (8,' num923', '1992-03-04' ,459, 361);INSERT INTO Transaction (transaction_ID, transactionNum, transactionDate, transactionType_ID, account_ID)VALUES (107,' num488', '1992-03-04' ,62, 361);INSERT INTO Transaction (transaction_ID, transactionNum, transactionDate, transactionType_ID, account_ID)VALUES (491,' num707', '1992-03-04' ,62, 361);INSERT INTO Transaction (transaction_ID, transactionNum, transactionDate, transactionType_ID, account_ID)VALUES (375,' num52', '1992-03-04' ,459, 361);INSERT INTO Transaction (transaction_ID, transactionNum, transactionDate, transactionType_ID, account_ID)VALUES (646,' num850', '1992-03-04' ,62, 361);INSERT INTO Transaction (transaction_ID, transactionNum, transactionDate, transactionType_ID, account_ID)VALUES (925,' num912', '1992-03-04' ,459, 361);INSERT INTO Transaction (transaction_ID, transactionNum, transactionDate, transactionType_ID, account_ID)VALUES (601,' num686', '1992-03-04' ,459, 361);INSERT INTO Transaction (transaction_ID, transactionNum, transactionDate, transactionType_ID, account_ID)VALUES (935,' num727', '1992-03-04' ,62, 361);INSERT INTO Transaction (transaction_ID, transactionNum, transactionDate, transactionType_ID, account_ID)VALUES (122,' num745', '1992-03-04' ,459, 361);INSERT INTO Transaction (transaction_ID, transactionNum, transactionDate, transactionType_ID, account_ID)VALUES (79,' num741', '1992-03-04' ,459, 361);INSERT INTO Transaction (transaction_ID, transactionNum, transactionDate, transactionType_ID, account_ID)VALUES (808,' num110', '1992-03-04' ,62, 361);INSERT INTO Transaction (transaction_ID, transactionNum, transactionDate, transactionType_ID, account_ID)VALUES (706,' num818', '1992-03-04' ,62, 361);INSERT INTO Transaction (transaction_ID, transactionNum, transactionDate, transactionType_ID, account_ID)VALUES (40,' num696', '1992-03-04' ,459, 361);INSERT INTO Transaction (transaction_ID, transactionNum, transactionDate, transactionType_ID, account_ID)VALUES (249,' num324', '1992-03-04' ,459, 361);INSERT INTO Transaction (transaction_ID, transactionNum, transactionDate, transactionType_ID, account_ID)VALUES (874,' num717', '1992-03-04' ,459, 361);INSERT INTO Transaction (transaction_ID, transactionNum, transactionDate, transactionType_ID, account_ID)VALUES (393,' num269', '1992-03-04' ,62, 361);INSERT INTO Transaction (transaction_ID, transactionNum, transactionDate, transactionType_ID, account_ID)VALUES (446,' num784', '1992-03-04' ,62, 361);INSERT INTO Transaction (transaction_ID, transactionNum, transactionDate, transactionType_ID, account_ID)VALUES (160,' num524', '1992-03-04' ,459, 361);INSERT INTO Transaction (transaction_ID, transactionNum, transactionDate, transactionType_ID, account_ID)VALUES (489,' num137', '1992-03-04' ,62, 361);INSERT INTO Transaction (transaction_ID, transactionNum, transactionDate, transactionType_ID, account_ID)VALUES (197,' num320', '1992-03-04' ,459, 361);INSERT INTO Transaction (transaction_ID, transactionNum, transactionDate, transactionType_ID, account_ID)VALUES (681,' num9', '1992-03-04' ,62, 361);INSERT INTO Transaction (transaction_ID, transactionNum, transactionDate, transactionType_ID, account_ID)VALUES (215,' num405', '1992-03-04' ,459, 361);INSERT INTO Transaction (transaction_ID, transactionNum, transactionDate, transactionType_ID, account_ID)VALUES (498,' num747', '1992-03-04' ,62, 361);INSERT INTO Transaction (transaction_ID, transactionNum, transactionDate, transactionType_ID, account_ID)VALUES (299,' num416', '1992-03-04' ,459, 361);INSERT INTO Transaction (transaction_ID, transactionNum, transactionDate, transactionType_ID, account_ID)VALUES (172,' num170', '1992-03-04' ,459, 361);INSERT INTO Transaction (transaction_ID, transactionNum, transactionDate, transactionType_ID, account_ID)VALUES (144,' num556', '1992-03-04' ,459, 361);INSERT INTO Transaction (transaction_ID, transactionNum, transactionDate, transactionType_ID, account_ID)VALUES (71,' num630', '1992-03-04' ,62, 361);INSERT INTO Transaction (transaction_ID, transactionNum, transactionDate, transactionType_ID, account_ID)VALUES (109,' num992', '1992-03-04' ,459, 361);INSERT INTO Transaction (transaction_ID, transactionNum, transactionDate, transactionType_ID, account_ID)VALUES (126,' num615', '1992-03-04' ,62, 361);INSERT INTO Transaction (transaction_ID, transactionNum, transactionDate, transactionType_ID, account_ID)VALUES (924,' num357', '1992-03-04' ,459, 361);INSERT INTO Transaction (transaction_ID, transactionNum, transactionDate, transactionType_ID, account_ID)VALUES (698,' num124', '1992-03-04' ,62, 361);INSERT INTO Transaction (transaction_ID, transactionNum, transactionDate, transactionType_ID, account_ID)VALUES (721,' num319', '1992-03-04' ,62, 361);INSERT INTO Transaction (transaction_ID, transactionNum, transactionDate, transactionType_ID, account_ID)VALUES (510,' num217', '1992-03-04' ,459, 361);INSERT INTO Transaction (transaction_ID, transactionNum, transactionDate, transactionType_ID, account_ID)VALUES (578,' num423', '1992-03-04' ,62, 746);INSERT INTO Transaction (transaction_ID, transactionNum, transactionDate, transactionType_ID, account_ID)VALUES (269,' num49', '1992-03-04' ,62, 746);INSERT INTO Transaction (transaction_ID, transactionNum, transactionDate, transactionType_ID, account_ID)VALUES (26,' num940', '1992-03-04' ,459, 746);INSERT INTO Transaction (transaction_ID, transactionNum, transactionDate, transactionType_ID, account_ID)VALUES (634,' num361', '1992-03-04' ,459, 746);INSERT INTO Transaction (transaction_ID, transactionNum, transactionDate, transactionType_ID, account_ID)VALUES (788,' num688', '1992-03-04' ,62, 746);INSERT INTO Transaction (transaction_ID, transactionNum, transactionDate, transactionType_ID, account_ID)VALUES (651,' num472', '1992-03-04' ,62, 746);INSERT INTO Transaction (transaction_ID, transactionNum, transactionDate, transactionType_ID, account_ID)VALUES (503,' num701', '1992-03-04' ,459, 746);INSERT INTO Transaction (transaction_ID, transactionNum, transactionDate, transactionType_ID, account_ID)VALUES (555,' num518', '1992-03-04' ,62, 746);INSERT INTO Transaction (transaction_ID, transactionNum, transactionDate, transactionType_ID, account_ID)VALUES (664,' num176', '1992-03-04' ,62, 746);INSERT INTO Transaction (transaction_ID, transactionNum, transactionDate, transactionType_ID, account_ID)VALUES (618,' num627', '1992-03-04' ,62, 746);INSERT INTO Transaction (transaction_ID, transactionNum, transactionDate, transactionType_ID, account_ID)VALUES (591,' num54', '1992-03-04' ,62, 746);INSERT INTO Transaction (transaction_ID, transactionNum, transactionDate, transactionType_ID, account_ID)VALUES (51,' num582', '1992-03-04' ,62, 746);INSERT INTO Transaction (transaction_ID, transactionNum, transactionDate, transactionType_ID, account_ID)VALUES (105,' num140', '1992-03-04' ,459, 746);INSERT INTO Transaction (transaction_ID, transactionNum, transactionDate, transactionType_ID, account_ID)VALUES (710,' num703', '1992-03-04' ,459, 746);INSERT INTO Transaction (transaction_ID, transactionNum, transactionDate, transactionType_ID, account_ID)VALUES (780,' num181', '1992-03-04' ,459, 746);INSERT INTO Transaction (transaction_ID, transactionNum, transactionDate, transactionType_ID, account_ID)VALUES (494,' num55', '1992-03-04' ,459, 746);INSERT INTO Transaction (transaction_ID, transactionNum, transactionDate, transactionType_ID, account_ID)VALUES (820,' num815', '1992-03-04' ,459, 746);INSERT INTO Transaction (transaction_ID, transactionNum, transactionDate, transactionType_ID, account_ID)VALUES (791,' num15', '1992-03-04' ,62, 746);INSERT INTO Transaction (transaction_ID, transactionNum, transactionDate, transactionType_ID, account_ID)VALUES (75,' num713', '1992-03-04' ,62, 746);INSERT INTO Transaction (transaction_ID, transactionNum, transactionDate, transactionType_ID, account_ID)VALUES (586,' num767', '1992-03-04' ,459, 746);INSERT INTO Transaction (transaction_ID, transactionNum, transactionDate, transactionType_ID, account_ID)VALUES (5,' num847', '1992-03-04' ,459, 746);INSERT INTO Transaction (transaction_ID, transactionNum, transactionDate, transactionType_ID, account_ID)VALUES (502,' num331', '1992-03-04' ,459, 746);INSERT INTO Transaction (transaction_ID, transactionNum, transactionDate, transactionType_ID, account_ID)VALUES (550,' num25', '1992-03-04' ,459, 746);INSERT INTO Transaction (transaction_ID, transactionNum, transactionDate, transactionType_ID, account_ID)VALUES (347,' num476', '1992-03-04' ,459, 746);INSERT INTO Transaction (transaction_ID, transactionNum, transactionDate, transactionType_ID, account_ID)VALUES (998,' num914', '1992-03-04' ,459, 746);INSERT INTO Transaction (transaction_ID, transactionNum, transactionDate, transactionType_ID, account_ID)VALUES (261,' num664', '1992-03-04' ,459, 746);INSERT INTO Transaction (transaction_ID, transactionNum, transactionDate, transactionType_ID, account_ID)VALUES (102,' num965', '1992-03-04' ,459, 746);INSERT INTO Transaction (transaction_ID, transactionNum, transactionDate, transactionType_ID, account_ID)VALUES (905,' num293', '1992-03-04' ,62, 746);INSERT INTO Transaction (transaction_ID, transactionNum, transactionDate, transactionType_ID, account_ID)VALUES (93,' num374', '1992-03-04' ,459, 746);INSERT INTO Transaction (transaction_ID, transactionNum, transactionDate, transactionType_ID, account_ID)VALUES (572,' num792', '1992-03-04' ,62, 746);INSERT INTO Transaction (transaction_ID, transactionNum, transactionDate, transactionType_ID, account_ID)VALUES (511,' num985', '1992-03-04' ,62, 746);INSERT INTO Transaction (transaction_ID, transactionNum, transactionDate, transactionType_ID, account_ID)VALUES (932,' num669', '1992-03-04' ,459, 746);INSERT INTO Transaction (transaction_ID, transactionNum, transactionDate, transactionType_ID, account_ID)VALUES (442,' num832', '1992-03-04' ,62, 746);INSERT INTO Transaction (transaction_ID, transactionNum, transactionDate, transactionType_ID, account_ID)VALUES (645,' num996', '1992-03-04' ,62, 746);INSERT INTO Transaction (transaction_ID, transactionNum, transactionDate, transactionType_ID, account_ID)VALUES (847,' num194', '1992-03-04' ,62, 746);INSERT INTO Transaction (transaction_ID, transactionNum, transactionDate, transactionType_ID, account_ID)VALUES (604,' num365', '1992-03-04' ,459, 746);INSERT INTO Transaction (transaction_ID, transactionNum, transactionDate, transactionType_ID, account_ID)VALUES (412,' num8', '1992-03-04' ,62, 746);INSERT INTO Transaction (transaction_ID, transactionNum, transactionDate, transactionType_ID, account_ID)VALUES (690,' num866', '1992-03-04' ,459, 746);INSERT INTO Transaction (transaction_ID, transactionNum, transactionDate, transactionType_ID, account_ID)VALUES (777,' num892', '1992-03-04' ,62, 746);INSERT INTO Transaction (transaction_ID, transactionNum, transactionDate, transactionType_ID, account_ID)VALUES (212,' num308', '1992-03-04' ,62, 746);INSERT INTO Transaction (transaction_ID, transactionNum, transactionDate, transactionType_ID, account_ID)VALUES (217,' num561', '1992-03-04' ,459, 746);INSERT INTO Transaction (transaction_ID, transactionNum, transactionDate, transactionType_ID, account_ID)VALUES (764,' num237', '1992-03-04' ,459, 746);INSERT INTO Transaction (transaction_ID, transactionNum, transactionDate, transactionType_ID, account_ID)VALUES (991,' num798', '1992-03-04' ,459, 746);INSERT INTO Transaction (transaction_ID, transactionNum, transactionDate, transactionType_ID, account_ID)VALUES (351,' num297', '1992-03-04' ,459, 746);INSERT INTO Transaction (transaction_ID, transactionNum, transactionDate, transactionType_ID, account_ID)VALUES (729,' num345', '1992-03-04' ,62, 746);INSERT INTO Transaction (transaction_ID, transactionNum, transactionDate, transactionType_ID, account_ID)VALUES (672,' num240', '1992-03-04' ,62, 746);INSERT INTO Transaction (transaction_ID, transactionNum, transactionDate, transactionType_ID, account_ID)VALUES (223,' num708', '1992-03-04' ,62, 746);INSERT INTO Transaction (transaction_ID, transactionNum, transactionDate, transactionType_ID, account_ID)VALUES (198,' num881', '1992-03-04' ,62, 746);INSERT INTO Transaction (transaction_ID, transactionNum, transactionDate, transactionType_ID, account_ID)VALUES (68,' num944', '1992-03-04' ,62, 746);INSERT INTO Transaction (transaction_ID, transactionNum, transactionDate, transactionType_ID, account_ID)VALUES (220,' num33', '1992-03-04' ,459, 746);INSERT INTO Transaction (transaction_ID, transactionNum, transactionDate, transactionType_ID, account_ID)VALUES (136,' num219', '1992-03-04' ,459, 746);INSERT INTO Transaction (transaction_ID, transactionNum, transactionDate, transactionType_ID, account_ID)VALUES (152,' num446', '1992-03-04' ,459, 746);INSERT INTO Transaction (transaction_ID, transactionNum, transactionDate, transactionType_ID, account_ID)VALUES (877,' num257', '1992-03-04' ,459, 746);INSERT INTO Transaction (transaction_ID, transactionNum, transactionDate, transactionType_ID, account_ID)VALUES (438,' num982', '1992-03-04' ,62, 746);INSERT INTO Transaction (transaction_ID, transactionNum, transactionDate, transactionType_ID, account_ID)VALUES (868,' num620', '1992-03-04' ,459, 746);INSERT INTO Transaction (transaction_ID, transactionNum, transactionDate, transactionType_ID, account_ID)VALUES (401,' num939', '1992-03-04' ,62, 746);INSERT INTO Transaction (transaction_ID, transactionNum, transactionDate, transactionType_ID, account_ID)VALUES (930,' num644', '1992-03-04' ,459, 746);INSERT INTO Transaction (transaction_ID, transactionNum, transactionDate, transactionType_ID, account_ID)VALUES (663,' num833', '1992-03-04' ,62, 746);INSERT INTO Transaction (transaction_ID, transactionNum, transactionDate, transactionType_ID, account_ID)VALUES (370,' num479', '1992-03-04' ,62, 746);INSERT INTO Transaction (transaction_ID, transactionNum, transactionDate, transactionType_ID, account_ID)VALUES (666,' num410', '1992-03-04' ,459, 746);INSERT INTO Transaction (transaction_ID, transactionNum, transactionDate, transactionType_ID, account_ID)VALUES (448,' num937', '1992-03-04' ,459, 746);INSERT INTO Transaction (transaction_ID, transactionNum, transactionDate, transactionType_ID, account_ID)VALUES (317,' num253', '1992-03-04' ,459, 746);INSERT INTO Transaction (transaction_ID, transactionNum, transactionDate, transactionType_ID, account_ID)VALUES (504,' num155', '1992-03-04' ,62, 746);INSERT INTO Transaction (transaction_ID, transactionNum, transactionDate, transactionType_ID, account_ID)VALUES (532,' num23', '1992-03-04' ,62, 746);INSERT INTO Transaction (transaction_ID, transactionNum, transactionDate, transactionType_ID, account_ID)VALUES (974,' num119', '1992-03-04' ,459, 746);INSERT INTO Transaction (transaction_ID, transactionNum, transactionDate, transactionType_ID, account_ID)VALUES (483,' num697', '1992-03-04' ,62, 746);INSERT INTO Transaction (transaction_ID, transactionNum, transactionDate, transactionType_ID, account_ID)VALUES (837,' num975', '1992-03-04' ,62, 746);INSERT INTO Transaction (transaction_ID, transactionNum, transactionDate, transactionType_ID, account_ID)VALUES (377,' num528', '1992-03-04' ,459, 746);INSERT INTO Transaction (transaction_ID, transactionNum, transactionDate, transactionType_ID, account_ID)VALUES (857,' num36', '1992-03-04' ,459, 746);INSERT INTO Transaction (transaction_ID, transactionNum, transactionDate, transactionType_ID, account_ID)VALUES (15,' num232', '1992-03-04' ,459, 746);INSERT INTO Transaction (transaction_ID, transactionNum, transactionDate, transactionType_ID, account_ID)VALUES (665,' num191', '1992-03-04' ,62, 746);INSERT INTO Transaction (transaction_ID, transactionNum, transactionDate, transactionType_ID, account_ID)VALUES (468,' num531', '1992-03-04' ,459, 746);INSERT INTO Transaction (transaction_ID, transactionNum, transactionDate, transactionType_ID, account_ID)VALUES (133,' num800', '1992-03-04' ,62, 746);INSERT INTO Transaction (transaction_ID, transactionNum, transactionDate, transactionType_ID, account_ID)VALUES (43,' num96', '1992-03-04' ,459, 746);INSERT INTO Transaction (transaction_ID, transactionNum, transactionDate, transactionType_ID, account_ID)VALUES (769,' num252', '1992-03-04' ,62, 746);INSERT INTO Transaction (transaction_ID, transactionNum, transactionDate, transactionType_ID, account_ID)VALUES (331,' num340', '1992-03-04' ,62, 746);INSERT INTO Transaction (transaction_ID, transactionNum, transactionDate, transactionType_ID, account_ID)VALUES (547,' num153', '1992-03-04' ,62, 746);INSERT INTO Transaction (transaction_ID, transactionNum, transactionDate, transactionType_ID, account_ID)VALUES (94,' num755', '1992-03-04' ,459, 746);INSERT INTO Transaction (transaction_ID, transactionNum, transactionDate, transactionType_ID, account_ID)VALUES (967,' num241', '1992-03-04' ,459, 746);INSERT INTO Transaction (transaction_ID, transactionNum, transactionDate, transactionType_ID, account_ID)VALUES (968,' num392', '1992-03-04' ,459, 746);INSERT INTO Transaction (transaction_ID, transactionNum, transactionDate, transactionType_ID, account_ID)VALUES (654,' num272', '1992-03-04' ,62, 746);INSERT INTO Transaction (transaction_ID, transactionNum, transactionDate, transactionType_ID, account_ID)VALUES (383,' num658', '1992-03-04' ,62, 746);INSERT INTO Transaction (transaction_ID, transactionNum, transactionDate, transactionType_ID, account_ID)VALUES (969,' num20', '1992-03-04' ,62, 746);INSERT INTO Transaction (transaction_ID, transactionNum, transactionDate, transactionType_ID, account_ID)VALUES (500,' num455', '1992-03-04' ,62, 746);INSERT INTO Transaction (transaction_ID, transactionNum, transactionDate, transactionType_ID, account_ID)VALUES (411,' num764', '1992-03-04' ,62, 746);INSERT INTO Transaction (transaction_ID, transactionNum, transactionDate, transactionType_ID, account_ID)VALUES (658,' num875', '1992-03-04' ,459, 746);INSERT INTO Transaction (transaction_ID, transactionNum, transactionDate, transactionType_ID, account_ID)VALUES (581,' num981', '1992-03-04' ,62, 746);INSERT INTO Transaction (transaction_ID, transactionNum, transactionDate, transactionType_ID, account_ID)VALUES (556,' num306', '1992-03-04' ,62, 746);INSERT INTO Transaction (transaction_ID, transactionNum, transactionDate, transactionType_ID, account_ID)VALUES (619,' num640', '1992-03-04' ,459, 746);INSERT INTO Transaction (transaction_ID, transactionNum, transactionDate, transactionType_ID, account_ID)VALUES (274,' num871', '1992-03-04' ,62, 746);INSERT INTO Transaction (transaction_ID, transactionNum, transactionDate, transactionType_ID, account_ID)VALUES (444,' num449', '1992-03-04' ,62, 746);INSERT INTO Transaction (transaction_ID, transactionNum, transactionDate, transactionType_ID, account_ID)VALUES (184,' num329', '1992-03-04' ,459, 746);INSERT INTO Transaction (transaction_ID, transactionNum, transactionDate, transactionType_ID, account_ID)VALUES (563,' num790', '1992-03-04' ,459, 746);INSERT INTO Transaction (transaction_ID, transactionNum, transactionDate, transactionType_ID, account_ID)VALUES (759,' num343', '1992-03-04' ,459, 746);INSERT INTO Transaction (transaction_ID, transactionNum, transactionDate, transactionType_ID, account_ID)VALUES (615,' num207', '1992-03-04' ,459, 746);INSERT INTO Transaction (transaction_ID, transactionNum, transactionDate, transactionType_ID, account_ID)VALUES (213,' num971', '1992-03-04' ,62, 746);INSERT INTO Transaction (transaction_ID, transactionNum, transactionDate, transactionType_ID, account_ID)VALUES (752,' num619', '1992-03-04' ,62, 746);INSERT INTO Transaction (transaction_ID, transactionNum, transactionDate, transactionType_ID, account_ID)VALUES (738,' num600', '1992-03-04' ,62, 746);INSERT INTO Transaction (transaction_ID, transactionNum, transactionDate, transactionType_ID, account_ID)VALUES (720,' num172', '1992-03-04' ,459, 522);INSERT INTO Transaction (transaction_ID, transactionNum, transactionDate, transactionType_ID, account_ID)VALUES (282,' num129', '1992-03-04' ,62, 522);INSERT INTO Transaction (transaction_ID, transactionNum, transactionDate, transactionType_ID, account_ID)VALUES (447,' num105', '1992-03-04' ,62, 522);INSERT INTO Transaction (transaction_ID, transactionNum, transactionDate, transactionType_ID, account_ID)VALUES (20,' num987', '1992-03-04' ,62, 522);INSERT INTO Transaction (transaction_ID, transactionNum, transactionDate, transactionType_ID, account_ID)VALUES (391,' num471', '1992-03-04' ,62, 522);INSERT INTO Transaction (transaction_ID, transactionNum, transactionDate, transactionType_ID, account_ID)VALUES (824,' num102', '1992-03-04' ,62, 522);INSERT INTO Transaction (transaction_ID, transactionNum, transactionDate, transactionType_ID, account_ID)VALUES (630,' num874', '1992-03-04' ,459, 522);INSERT INTO Transaction (transaction_ID, transactionNum, transactionDate, transactionType_ID, account_ID)VALUES (963,' num492', '1992-03-04' ,62, 522);INSERT INTO Transaction (transaction_ID, transactionNum, transactionDate, transactionType_ID, account_ID)VALUES (419,' num568', '1992-03-04' ,62, 522);INSERT INTO Transaction (transaction_ID, transactionNum, transactionDate, transactionType_ID, account_ID)VALUES (787,' num499', '1992-03-04' ,459, 522);INSERT INTO Transaction (transaction_ID, transactionNum, transactionDate, transactionType_ID, account_ID)VALUES (592,' num978', '1992-03-04' ,62, 522);INSERT INTO Transaction (transaction_ID, transactionNum, transactionDate, transactionType_ID, account_ID)VALUES (573,' num729', '1992-03-04' ,459, 522);INSERT INTO Transaction (transaction_ID, transactionNum, transactionDate, transactionType_ID, account_ID)VALUES (67,' num926', '1992-03-04' ,459, 522);INSERT INTO Transaction (transaction_ID, transactionNum, transactionDate, transactionType_ID, account_ID)VALUES (826,' num317', '1992-03-04' ,459, 522);INSERT INTO Transaction (transaction_ID, transactionNum, transactionDate, transactionType_ID, account_ID)VALUES (821,' num235', '1992-03-04' ,62, 522);INSERT INTO Transaction (transaction_ID, transactionNum, transactionDate, transactionType_ID, account_ID)VALUES (288,' num29', '1992-03-04' ,62, 522);INSERT INTO Transaction (transaction_ID, transactionNum, transactionDate, transactionType_ID, account_ID)VALUES (413,' num332', '1992-03-04' ,62, 522);INSERT INTO Transaction (transaction_ID, transactionNum, transactionDate, transactionType_ID, account_ID)VALUES (715,' num512', '1992-03-04' ,459, 522);INSERT INTO Transaction (transaction_ID, transactionNum, transactionDate, transactionType_ID, account_ID)VALUES (222,' num147', '1992-03-04' ,62, 522);INSERT INTO Transaction (transaction_ID, transactionNum, transactionDate, transactionType_ID, account_ID)VALUES (523,' num752', '1992-03-04' ,459, 522);INSERT INTO Transaction (transaction_ID, transactionNum, transactionDate, transactionType_ID, account_ID)VALUES (146,' num719', '1992-03-04' ,62, 522);INSERT INTO Transaction (transaction_ID, transactionNum, transactionDate, transactionType_ID, account_ID)VALUES (294,' num665', '1992-03-04' ,459, 522);INSERT INTO Transaction (transaction_ID, transactionNum, transactionDate, transactionType_ID, account_ID)VALUES (798,' num84', '1992-03-04' ,459, 522);INSERT INTO Transaction (transaction_ID, transactionNum, transactionDate, transactionType_ID, account_ID)VALUES (525,' num270', '1992-03-04' ,459, 522);INSERT INTO Transaction (transaction_ID, transactionNum, transactionDate, transactionType_ID, account_ID)VALUES (544,' num285', '1992-03-04' ,459, 522);INSERT INTO Transaction (transaction_ID, transactionNum, transactionDate, transactionType_ID, account_ID)VALUES (931,' num222', '1992-03-04' ,459, 522);INSERT INTO Transaction (transaction_ID, transactionNum, transactionDate, transactionType_ID, account_ID)VALUES (100,' num356', '1992-03-04' ,459, 522);INSERT INTO Transaction (transaction_ID, transactionNum, transactionDate, transactionType_ID, account_ID)VALUES (153,' num61', '1992-03-04' ,459, 522);INSERT INTO Transaction (transaction_ID, transactionNum, transactionDate, transactionType_ID, account_ID)VALUES (7,' num436', '1992-03-04' ,62, 522);INSERT INTO Transaction (transaction_ID, transactionNum, transactionDate, transactionType_ID, account_ID)VALUES (199,' num647', '1992-03-04' ,62, 522);INSERT INTO Transaction (transaction_ID, transactionNum, transactionDate, transactionType_ID, account_ID)VALUES (490,' num462', '1992-03-04' ,62, 522);INSERT INTO Transaction (transaction_ID, transactionNum, transactionDate, transactionType_ID, account_ID)VALUES (346,' num813', '1992-03-04' ,62, 522);INSERT INTO Transaction (transaction_ID, transactionNum, transactionDate, transactionType_ID, account_ID)VALUES (90,' num421', '1992-03-04' ,62, 522);INSERT INTO Transaction (transaction_ID, transactionNum, transactionDate, transactionType_ID, account_ID)VALUES (252,' num104', '1992-03-04' ,62, 522);INSERT INTO Transaction (transaction_ID, transactionNum, transactionDate, transactionType_ID, account_ID)VALUES (822,' num509', '1992-03-04' ,62, 522);INSERT INTO Transaction (transaction_ID, transactionNum, transactionDate, transactionType_ID, account_ID)VALUES (652,' num700', '1992-03-04' ,62, 522);INSERT INTO Transaction (transaction_ID, transactionNum, transactionDate, transactionType_ID, account_ID)VALUES (714,' num530', '1992-03-04' ,62, 522);INSERT INTO Transaction (transaction_ID, transactionNum, transactionDate, transactionType_ID, account_ID)VALUES (218,' num250', '1992-03-04' ,459, 522);INSERT INTO Transaction (transaction_ID, transactionNum, transactionDate, transactionType_ID, account_ID)VALUES (259,' num485', '1992-03-04' ,459, 522);INSERT INTO Transaction (transaction_ID, transactionNum, transactionDate, transactionType_ID, account_ID)VALUES (253,' num249', '1992-03-04' ,62, 522);INSERT INTO Transaction (transaction_ID, transactionNum, transactionDate, transactionType_ID, account_ID)VALUES (189,' num775', '1992-03-04' ,62, 522);INSERT INTO Transaction (transaction_ID, transactionNum, transactionDate, transactionType_ID, account_ID)VALUES (883,' num10', '1992-03-04' ,459, 522);INSERT INTO Transaction (transaction_ID, transactionNum, transactionDate, transactionType_ID, account_ID)VALUES (421,' num872', '1992-03-04' ,62, 522);INSERT INTO Transaction (transaction_ID, transactionNum, transactionDate, transactionType_ID, account_ID)VALUES (576,' num705', '1992-03-04' ,62, 522);INSERT INTO Transaction (transaction_ID, transactionNum, transactionDate, transactionType_ID, account_ID)VALUES (216,' num108', '1992-03-04' ,62, 522);INSERT INTO Transaction (transaction_ID, transactionNum, transactionDate, transactionType_ID, account_ID)VALUES (915,' num379', '1992-03-04' ,459, 522);INSERT INTO Transaction (transaction_ID, transactionNum, transactionDate, transactionType_ID, account_ID)VALUES (743,' num299', '1992-03-04' ,62, 522);INSERT INTO Transaction (transaction_ID, transactionNum, transactionDate, transactionType_ID, account_ID)VALUES (971,' num972', '1992-03-04' ,62, 522);INSERT INTO Transaction (transaction_ID, transactionNum, transactionDate, transactionType_ID, account_ID)VALUES (616,' num693', '1992-03-04' ,62, 522);INSERT INTO Transaction (transaction_ID, transactionNum, transactionDate, transactionType_ID, account_ID)VALUES (231,' num229', '1992-03-04' ,459, 522);INSERT INTO Transaction (transaction_ID, transactionNum, transactionDate, transactionType_ID, account_ID)VALUES (92,' num131', '1992-03-04' ,62, 522);INSERT INTO Transaction (transaction_ID, transactionNum, transactionDate, transactionType_ID, account_ID)VALUES (114,' num782', '1992-03-04' ,62, 522);INSERT INTO Transaction (transaction_ID, transactionNum, transactionDate, transactionType_ID, account_ID)VALUES (141,' num169', '1992-03-04' ,459, 522);INSERT INTO Transaction (transaction_ID, transactionNum, transactionDate, transactionType_ID, account_ID)VALUES (679,' num443', '1992-03-04' ,62, 522);INSERT INTO Transaction (transaction_ID, transactionNum, transactionDate, transactionType_ID, account_ID)VALUES (1,' num835', '1992-03-04' ,459, 522);INSERT INTO Transaction (transaction_ID, transactionNum, transactionDate, transactionType_ID, account_ID)VALUES (806,' num604', '1992-03-04' ,459, 522);INSERT INTO Transaction (transaction_ID, transactionNum, transactionDate, transactionType_ID, account_ID)VALUES (499,' num224', '1992-03-04' ,62, 522);INSERT INTO Transaction (transaction_ID, transactionNum, transactionDate, transactionType_ID, account_ID)VALUES (901,' num552', '1992-03-04' ,62, 522);INSERT INTO Transaction (transaction_ID, transactionNum, transactionDate, transactionType_ID, account_ID)VALUES (736,' num189', '1992-03-04' ,459, 522);INSERT INTO Transaction (transaction_ID, transactionNum, transactionDate, transactionType_ID, account_ID)VALUES (553,' num774', '1992-03-04' ,459, 522);INSERT INTO Transaction (transaction_ID, transactionNum, transactionDate, transactionType_ID, account_ID)VALUES (78,' num412', '1992-03-04' ,62, 522);INSERT INTO Transaction (transaction_ID, transactionNum, transactionDate, transactionType_ID, account_ID)VALUES (119,' num347', '1992-03-04' ,62, 522);INSERT INTO Transaction (transaction_ID, transactionNum, transactionDate, transactionType_ID, account_ID)VALUES (63,' num504', '1992-03-04' ,459, 522);INSERT INTO Transaction (transaction_ID, transactionNum, transactionDate, transactionType_ID, account_ID)VALUES (495,' num65', '1992-03-04' ,459, 522);INSERT INTO Transaction (transaction_ID, transactionNum, transactionDate, transactionType_ID, account_ID)VALUES (154,' num368', '1992-03-04' ,459, 522);INSERT INTO Transaction (transaction_ID, transactionNum, transactionDate, transactionType_ID, account_ID)VALUES (557,' num724', '1992-03-04' ,459, 522);INSERT INTO Transaction (transaction_ID, transactionNum, transactionDate, transactionType_ID, account_ID)VALUES (13,' num1', '1992-03-04' ,62, 522);INSERT INTO Transaction (transaction_ID, transactionNum, transactionDate, transactionType_ID, account_ID)VALUES (606,' num447', '1992-03-04' ,459, 522);INSERT INTO Transaction (transaction_ID, transactionNum, transactionDate, transactionType_ID, account_ID)VALUES (919,' num979', '1992-03-04' ,459, 522);INSERT INTO Transaction (transaction_ID, transactionNum, transactionDate, transactionType_ID, account_ID)VALUES (31,' num60', '1992-03-04' ,62, 522);INSERT INTO Transaction (transaction_ID, transactionNum, transactionDate, transactionType_ID, account_ID)VALUES (257,' num889', '1992-03-04' ,459, 522);INSERT INTO Transaction (transaction_ID, transactionNum, transactionDate, transactionType_ID, account_ID)VALUES (37,' num628', '1992-03-04' ,459, 522);INSERT INTO Transaction (transaction_ID, transactionNum, transactionDate, transactionType_ID, account_ID)VALUES (364,' num315', '1992-03-04' ,459, 522);INSERT INTO Transaction (transaction_ID, transactionNum, transactionDate, transactionType_ID, account_ID)VALUES (778,' num460', '1992-03-04' ,62, 522);INSERT INTO Transaction (transaction_ID, transactionNum, transactionDate, transactionType_ID, account_ID)VALUES (543,' num208', '1992-03-04' ,62, 522);INSERT INTO Transaction (transaction_ID, transactionNum, transactionDate, transactionType_ID, account_ID)VALUES (440,' num144', '1992-03-04' ,62, 522);INSERT INTO Transaction (transaction_ID, transactionNum, transactionDate, transactionType_ID, account_ID)VALUES (909,' num373', '1992-03-04' ,459, 522);INSERT INTO Transaction (transaction_ID, transactionNum, transactionDate, transactionType_ID, account_ID)VALUES (394,' num825', '1992-03-04' ,62, 522);INSERT INTO Transaction (transaction_ID, transactionNum, transactionDate, transactionType_ID, account_ID)VALUES (326,' num134', '1992-03-04' ,62, 522);INSERT INTO Transaction (transaction_ID, transactionNum, transactionDate, transactionType_ID, account_ID)VALUES (305,' num943', '1992-03-04' ,459, 522);INSERT INTO Transaction (transaction_ID, transactionNum, transactionDate, transactionType_ID, account_ID)VALUES (91,' num958', '1992-03-04' ,459, 522);INSERT INTO Transaction (transaction_ID, transactionNum, transactionDate, transactionType_ID, account_ID)VALUES (992,' num842', '1992-03-04' ,62, 522);INSERT INTO Transaction (transaction_ID, transactionNum, transactionDate, transactionType_ID, account_ID)VALUES (926,' num787', '1992-03-04' ,459, 522);INSERT INTO Transaction (transaction_ID, transactionNum, transactionDate, transactionType_ID, account_ID)VALUES (516,' num311', '1992-03-04' ,459, 522);INSERT INTO Transaction (transaction_ID, transactionNum, transactionDate, transactionType_ID, account_ID)VALUES (324,' num858', '1992-03-04' ,459, 522);INSERT INTO Transaction (transaction_ID, transactionNum, transactionDate, transactionType_ID, account_ID)VALUES (303,' num740', '1992-03-04' ,459, 522);INSERT INTO Transaction (transaction_ID, transactionNum, transactionDate, transactionType_ID, account_ID)VALUES (390,' num605', '1992-03-04' ,62, 522);INSERT INTO Transaction (transaction_ID, transactionNum, transactionDate, transactionType_ID, account_ID)VALUES (728,' num46', '1992-03-04' ,459, 522);INSERT INTO Transaction (transaction_ID, transactionNum, transactionDate, transactionType_ID, account_ID)VALUES (234,' num776', '1992-03-04' ,459, 522);INSERT INTO Transaction (transaction_ID, transactionNum, transactionDate, transactionType_ID, account_ID)VALUES (210,' num880', '1992-03-04' ,62, 522);INSERT INTO Transaction (transaction_ID, transactionNum, transactionDate, transactionType_ID, account_ID)VALUES (482,' num588', '1992-03-04' ,62, 522);INSERT INTO Transaction (transaction_ID, transactionNum, transactionDate, transactionType_ID, account_ID)VALUES (918,' num226', '1992-03-04' ,62, 522);INSERT INTO Transaction (transaction_ID, transactionNum, transactionDate, transactionType_ID, account_ID)VALUES (889,' num594', '1992-03-04' ,62, 522);INSERT INTO Transaction (transaction_ID, transactionNum, transactionDate, transactionType_ID, account_ID)VALUES (290,' num546', '1992-03-04' ,62, 522);INSERT INTO Transaction (transaction_ID, transactionNum, transactionDate, transactionType_ID, account_ID)VALUES (227,' num673', '1992-03-04' ,62, 522);INSERT INTO Transaction (transaction_ID, transactionNum, transactionDate, transactionType_ID, account_ID)VALUES (348,' num186', '1992-03-04' ,62, 522);INSERT INTO Transaction (transaction_ID, transactionNum, transactionDate, transactionType_ID, account_ID)VALUES (703,' num533', '1992-03-04' ,62, 522);INSERT INTO Transaction (transaction_ID, transactionNum, transactionDate, transactionType_ID, account_ID)VALUES (597,' num289', '1992-03-04' ,459, 522);INSERT INTO Transaction (transaction_ID, transactionNum, transactionDate, transactionType_ID, account_ID)VALUES (751,' num984', '1992-03-04' ,62, 716);INSERT INTO Transaction (transaction_ID, transactionNum, transactionDate, transactionType_ID, account_ID)VALUES (983,' num314', '1992-03-04' ,62, 716);INSERT INTO Transaction (transaction_ID, transactionNum, transactionDate, transactionType_ID, account_ID)VALUES (762,' num389', '1992-03-04' ,459, 716);INSERT INTO Transaction (transaction_ID, transactionNum, transactionDate, transactionType_ID, account_ID)VALUES (816,' num40', '1992-03-04' ,459, 716);INSERT INTO Transaction (transaction_ID, transactionNum, transactionDate, transactionType_ID, account_ID)VALUES (801,' num341', '1992-03-04' ,459, 716);INSERT INTO Transaction (transaction_ID, transactionNum, transactionDate, transactionType_ID, account_ID)VALUES (779,' num521', '1992-03-04' ,62, 716);INSERT INTO Transaction (transaction_ID, transactionNum, transactionDate, transactionType_ID, account_ID)VALUES (843,' num569', '1992-03-04' ,62, 716);INSERT INTO Transaction (transaction_ID, transactionNum, transactionDate, transactionType_ID, account_ID)VALUES (647,' num983', '1992-03-04' ,62, 716);INSERT INTO Transaction (transaction_ID, transactionNum, transactionDate, transactionType_ID, account_ID)VALUES (238,' num853', '1992-03-04' ,459, 716);INSERT INTO Transaction (transaction_ID, transactionNum, transactionDate, transactionType_ID, account_ID)VALUES (835,' num206', '1992-03-04' ,62, 716);INSERT INTO Transaction (transaction_ID, transactionNum, transactionDate, transactionType_ID, account_ID)VALUES (776,' num305', '1992-03-04' ,62, 716);INSERT INTO Transaction (transaction_ID, transactionNum, transactionDate, transactionType_ID, account_ID)VALUES (979,' num608', '1992-03-04' ,62, 716);INSERT INTO Transaction (transaction_ID, transactionNum, transactionDate, transactionType_ID, account_ID)VALUES (873,' num234', '1992-03-04' ,459, 716);INSERT INTO Transaction (transaction_ID, transactionNum, transactionDate, transactionType_ID, account_ID)VALUES (264,' num801', '1992-03-04' ,62, 716);INSERT INTO Transaction (transaction_ID, transactionNum, transactionDate, transactionType_ID, account_ID)VALUES (639,' num428', '1992-03-04' ,459, 716);INSERT INTO Transaction (transaction_ID, transactionNum, transactionDate, transactionType_ID, account_ID)VALUES (314,' num726', '1992-03-04' ,62, 716);INSERT INTO Transaction (transaction_ID, transactionNum, transactionDate, transactionType_ID, account_ID)VALUES (976,' num538', '1992-03-04' ,459, 716);INSERT INTO Transaction (transaction_ID, transactionNum, transactionDate, transactionType_ID, account_ID)VALUES (840,' num183', '1992-03-04' ,62, 716);INSERT INTO Transaction (transaction_ID, transactionNum, transactionDate, transactionType_ID, account_ID)VALUES (420,' num228', '1992-03-04' ,459, 716);INSERT INTO Transaction (transaction_ID, transactionNum, transactionDate, transactionType_ID, account_ID)VALUES (363,' num668', '1992-03-04' ,459, 716);INSERT INTO Transaction (transaction_ID, transactionNum, transactionDate, transactionType_ID, account_ID)VALUES (554,' num302', '1992-03-04' ,62, 716);INSERT INTO Transaction (transaction_ID, transactionNum, transactionDate, transactionType_ID, account_ID)VALUES (11,' num830', '1992-03-04' ,62, 716);INSERT INTO Transaction (transaction_ID, transactionNum, transactionDate, transactionType_ID, account_ID)VALUES (517,' num998', '1992-03-04' ,459, 716);INSERT INTO Transaction (transaction_ID, transactionNum, transactionDate, transactionType_ID, account_ID)VALUES (514,' num192', '1992-03-04' ,62, 716);INSERT INTO Transaction (transaction_ID, transactionNum, transactionDate, transactionType_ID, account_ID)VALUES (584,' num802', '1992-03-04' ,459, 716);INSERT INTO Transaction (transaction_ID, transactionNum, transactionDate, transactionType_ID, account_ID)VALUES (52,' num57', '1992-03-04' ,62, 716);INSERT INTO Transaction (transaction_ID, transactionNum, transactionDate, transactionType_ID, account_ID)VALUES (432,' num723', '1992-03-04' ,459, 716);INSERT INTO Transaction (transaction_ID, transactionNum, transactionDate, transactionType_ID, account_ID)VALUES (464,' num903', '1992-03-04' ,62, 716);INSERT INTO Transaction (transaction_ID, transactionNum, transactionDate, transactionType_ID, account_ID)VALUES (587,' num859', '1992-03-04' ,62, 716);INSERT INTO Transaction (transaction_ID, transactionNum, transactionDate, transactionType_ID, account_ID)VALUES (853,' num899', '1992-03-04' ,459, 716);INSERT INTO Transaction (transaction_ID, transactionNum, transactionDate, transactionType_ID, account_ID)VALUES (333,' num674', '1992-03-04' ,62, 716);INSERT INTO Transaction (transaction_ID, transactionNum, transactionDate, transactionType_ID, account_ID)VALUES (434,' num988', '1992-03-04' ,459, 716);INSERT INTO Transaction (transaction_ID, transactionNum, transactionDate, transactionType_ID, account_ID)VALUES (161,' num482', '1992-03-04' ,62, 716);INSERT INTO Transaction (transaction_ID, transactionNum, transactionDate, transactionType_ID, account_ID)VALUES (157,' num638', '1992-03-04' ,459, 716);INSERT INTO Transaction (transaction_ID, transactionNum, transactionDate, transactionType_ID, account_ID)VALUES (485,' num162', '1992-03-04' ,62, 716);INSERT INTO Transaction (transaction_ID, transactionNum, transactionDate, transactionType_ID, account_ID)VALUES (29,' num220', '1992-03-04' ,459, 716);INSERT INTO Transaction (transaction_ID, transactionNum, transactionDate, transactionType_ID, account_ID)VALUES (860,' num597', '1992-03-04' ,62, 716);INSERT INTO Transaction (transaction_ID, transactionNum, transactionDate, transactionType_ID, account_ID)VALUES (896,' num733', '1992-03-04' ,459, 716);INSERT INTO Transaction (transaction_ID, transactionNum, transactionDate, transactionType_ID, account_ID)VALUES (781,' num788', '1992-03-04' ,459, 716);INSERT INTO Transaction (transaction_ID, transactionNum, transactionDate, transactionType_ID, account_ID)VALUES (515,' num929', '1992-03-04' ,62, 716);INSERT INTO Transaction (transaction_ID, transactionNum, transactionDate, transactionType_ID, account_ID)VALUES (921,' num623', '1992-03-04' ,459, 716);INSERT INTO Transaction (transaction_ID, transactionNum, transactionDate, transactionType_ID, account_ID)VALUES (813,' num712', '1992-03-04' ,459, 716);INSERT INTO Transaction (transaction_ID, transactionNum, transactionDate, transactionType_ID, account_ID)VALUES (834,' num542', '1992-03-04' ,62, 716);INSERT INTO Transaction (transaction_ID, transactionNum, transactionDate, transactionType_ID, account_ID)VALUES (520,' num622', '1992-03-04' ,459, 716);INSERT INTO Transaction (transaction_ID, transactionNum, transactionDate, transactionType_ID, account_ID)VALUES (229,' num894', '1992-03-04' ,62, 716);INSERT INTO Transaction (transaction_ID, transactionNum, transactionDate, transactionType_ID, account_ID)VALUES (524,' num251', '1992-03-04' ,459, 716);INSERT INTO Transaction (transaction_ID, transactionNum, transactionDate, transactionType_ID, account_ID)VALUES (622,' num326', '1992-03-04' ,459, 716);INSERT INTO Transaction (transaction_ID, transactionNum, transactionDate, transactionType_ID, account_ID)VALUES (255,' num258', '1992-03-04' ,62, 716);INSERT INTO Transaction (transaction_ID, transactionNum, transactionDate, transactionType_ID, account_ID)VALUES (866,' num513', '1992-03-04' ,459, 716);INSERT INTO Transaction (transaction_ID, transactionNum, transactionDate, transactionType_ID, account_ID)VALUES (990,' num473', '1992-03-04' ,459, 716);INSERT INTO Transaction (transaction_ID, transactionNum, transactionDate, transactionType_ID, account_ID)VALUES (942,' num138', '1992-03-04' ,459, 716);INSERT INTO Transaction (transaction_ID, transactionNum, transactionDate, transactionType_ID, account_ID)VALUES (196,' num650', '1992-03-04' ,459, 716);INSERT INTO Transaction (transaction_ID, transactionNum, transactionDate, transactionType_ID, account_ID)VALUES (644,' num218', '1992-03-04' ,62, 716);INSERT INTO Transaction (transaction_ID, transactionNum, transactionDate, transactionType_ID, account_ID)VALUES (492,' num963', '1992-03-04' ,459, 716);INSERT INTO Transaction (transaction_ID, transactionNum, transactionDate, transactionType_ID, account_ID)VALUES (891,' num413', '1992-03-04' ,459, 716);INSERT INTO Transaction (transaction_ID, transactionNum, transactionDate, transactionType_ID, account_ID)VALUES (564,' num698', '1992-03-04' ,62, 716);INSERT INTO Transaction (transaction_ID, transactionNum, transactionDate, transactionType_ID, account_ID)VALUES (202,' num910', '1992-03-04' ,62, 716);INSERT INTO Transaction (transaction_ID, transactionNum, transactionDate, transactionType_ID, account_ID)VALUES (304,' num691', '1992-03-04' ,62, 716);INSERT INTO Transaction (transaction_ID, transactionNum, transactionDate, transactionType_ID, account_ID)VALUES (193,' num367', '1992-03-04' ,62, 716);INSERT INTO Transaction (transaction_ID, transactionNum, transactionDate, transactionType_ID, account_ID)VALUES (374,' num12', '1992-03-04' ,62, 716);INSERT INTO Transaction (transaction_ID, transactionNum, transactionDate, transactionType_ID, account_ID)VALUES (501,' num236', '1992-03-04' ,62, 716);INSERT INTO Transaction (transaction_ID, transactionNum, transactionDate, transactionType_ID, account_ID)VALUES (653,' num589', '1992-03-04' ,459, 716);INSERT INTO Transaction (transaction_ID, transactionNum, transactionDate, transactionType_ID, account_ID)VALUES (966,' num188', '1992-03-04' ,459, 716);INSERT INTO Transaction (transaction_ID, transactionNum, transactionDate, transactionType_ID, account_ID)VALUES (546,' num596', '1992-03-04' ,459, 716);INSERT INTO Transaction (transaction_ID, transactionNum, transactionDate, transactionType_ID, account_ID)VALUES (399,' num45', '1992-03-04' ,62, 716);INSERT INTO Transaction (transaction_ID, transactionNum, transactionDate, transactionType_ID, account_ID)VALUES (171,' num772', '1992-03-04' ,459, 716);INSERT INTO Transaction (transaction_ID, transactionNum, transactionDate, transactionType_ID, account_ID)VALUES (150,' num980', '1992-03-04' ,459, 716);INSERT INTO Transaction (transaction_ID, transactionNum, transactionDate, transactionType_ID, account_ID)VALUES (246,' num915', '1992-03-04' ,62, 716);INSERT INTO Transaction (transaction_ID, transactionNum, transactionDate, transactionType_ID, account_ID)VALUES (802,' num467', '1992-03-04' ,62, 716);INSERT INTO Transaction (transaction_ID, transactionNum, transactionDate, transactionType_ID, account_ID)VALUES (337,' num817', '1992-03-04' ,459, 716);INSERT INTO Transaction (transaction_ID, transactionNum, transactionDate, transactionType_ID, account_ID)VALUES (876,' num743', '1992-03-04' ,62, 716);INSERT INTO Transaction (transaction_ID, transactionNum, transactionDate, transactionType_ID, account_ID)VALUES (730,' num132', '1992-03-04' ,62, 716);INSERT INTO Transaction (transaction_ID, transactionNum, transactionDate, transactionType_ID, account_ID)VALUES (916,' num824', '1992-03-04' ,459, 716);INSERT INTO Transaction (transaction_ID, transactionNum, transactionDate, transactionType_ID, account_ID)VALUES (72,' num99', '1992-03-04' ,62, 716);INSERT INTO Transaction (transaction_ID, transactionNum, transactionDate, transactionType_ID, account_ID)VALUES (308,' num959', '1992-03-04' ,459, 716);INSERT INTO Transaction (transaction_ID, transactionNum, transactionDate, transactionType_ID, account_ID)VALUES (88,' num203', '1992-03-04' ,459, 716);INSERT INTO Transaction (transaction_ID, transactionNum, transactionDate, transactionType_ID, account_ID)VALUES (869,' num333', '1992-03-04' ,62, 716);INSERT INTO Transaction (transaction_ID, transactionNum, transactionDate, transactionType_ID, account_ID)VALUES (519,' num704', '1992-03-04' ,62, 716);INSERT INTO Transaction (transaction_ID, transactionNum, transactionDate, transactionType_ID, account_ID)VALUES (598,' num348', '1992-03-04' ,459, 716);INSERT INTO Transaction (transaction_ID, transactionNum, transactionDate, transactionType_ID, account_ID)VALUES (242,' num750', '1992-03-04' ,459, 716);INSERT INTO Transaction (transaction_ID, transactionNum, transactionDate, transactionType_ID, account_ID)VALUES (807,' num3', '1992-03-04' ,62, 716);INSERT INTO Transaction (transaction_ID, transactionNum, transactionDate, transactionType_ID, account_ID)VALUES (3,' num567', '1992-03-04' ,62, 716);INSERT INTO Transaction (transaction_ID, transactionNum, transactionDate, transactionType_ID, account_ID)VALUES (467,' num574', '1992-03-04' ,62, 716);INSERT INTO Transaction (transaction_ID, transactionNum, transactionDate, transactionType_ID, account_ID)VALUES (540,' num458', '1992-03-04' ,62, 716);INSERT INTO Transaction (transaction_ID, transactionNum, transactionDate, transactionType_ID, account_ID)VALUES (888,' num883', '1992-03-04' ,459, 716);INSERT INTO Transaction (transaction_ID, transactionNum, transactionDate, transactionType_ID, account_ID)VALUES (948,' num535', '1992-03-04' ,459, 716);INSERT INTO Transaction (transaction_ID, transactionNum, transactionDate, transactionType_ID, account_ID)VALUES (89,' num113', '1992-03-04' ,459, 716);INSERT INTO Transaction (transaction_ID, transactionNum, transactionDate, transactionType_ID, account_ID)VALUES (27,' num751', '1992-03-04' ,62, 716);INSERT INTO Transaction (transaction_ID, transactionNum, transactionDate, transactionType_ID, account_ID)VALUES (960,' num558', '1992-03-04' ,459, 716);INSERT INTO Transaction (transaction_ID, transactionNum, transactionDate, transactionType_ID, account_ID)VALUES (904,' num994', '1992-03-04' ,62, 716);INSERT INTO Transaction (transaction_ID, transactionNum, transactionDate, transactionType_ID, account_ID)VALUES (423,' num977', '1992-03-04' ,62, 716);INSERT INTO Transaction (transaction_ID, transactionNum, transactionDate, transactionType_ID, account_ID)VALUES (77,' num101', '1992-03-04' ,459, 716);INSERT INTO Transaction (transaction_ID, transactionNum, transactionDate, transactionType_ID, account_ID)VALUES (754,' num267', '1992-03-04' ,62, 716);INSERT INTO Transaction (transaction_ID, transactionNum, transactionDate, transactionType_ID, account_ID)VALUES (297,' num876', '1992-03-04' ,62, 716);INSERT INTO Transaction (transaction_ID, transactionNum, transactionDate, transactionType_ID, account_ID)VALUES (996,' num171', '1992-03-04' ,62, 716);INSERT INTO Transaction (transaction_ID, transactionNum, transactionDate, transactionType_ID, account_ID)VALUES (353,' num834', '1992-03-04' ,62, 716);INSERT INTO Transaction (transaction_ID, transactionNum, transactionDate, transactionType_ID, account_ID)VALUES (80,' num394', '1992-03-04' ,459, 716);INSERT INTO Transaction (transaction_ID, transactionNum, transactionDate, transactionType_ID, account_ID)VALUES (790,' num934', '1992-03-04' ,62, 716);INSERT INTO Transaction (transaction_ID, transactionNum, transactionDate, transactionType_ID, account_ID)VALUES (688,' num706', '1992-03-04' ,459, 47);INSERT INTO Transaction (transaction_ID, transactionNum, transactionDate, transactionType_ID, account_ID)VALUES (48,' num58', '1992-03-04' ,62, 47);INSERT INTO Transaction (transaction_ID, transactionNum, transactionDate, transactionType_ID, account_ID)VALUES (232,' num957', '1992-03-04' ,62, 47);INSERT INTO Transaction (transaction_ID, transactionNum, transactionDate, transactionType_ID, account_ID)VALUES (711,' num294', '1992-03-04' ,62, 47);INSERT INTO Transaction (transaction_ID, transactionNum, transactionDate, transactionType_ID, account_ID)VALUES (934,' num148', '1992-03-04' ,459, 47);INSERT INTO Transaction (transaction_ID, transactionNum, transactionDate, transactionType_ID, account_ID)VALUES (577,' num53', '1992-03-04' ,62, 47);INSERT INTO Transaction (transaction_ID, transactionNum, transactionDate, transactionType_ID, account_ID)VALUES (912,' num642', '1992-03-04' ,62, 47);INSERT INTO Transaction (transaction_ID, transactionNum, transactionDate, transactionType_ID, account_ID)VALUES (256,' num30', '1992-03-04' ,62, 47);INSERT INTO Transaction (transaction_ID, transactionNum, transactionDate, transactionType_ID, account_ID)VALUES (2,' num445', '1992-03-04' ,62, 47);INSERT INTO Transaction (transaction_ID, transactionNum, transactionDate, transactionType_ID, account_ID)VALUES (380,' num653', '1992-03-04' ,62, 47);INSERT INTO Transaction (transaction_ID, transactionNum, transactionDate, transactionType_ID, account_ID)VALUES (704,' num945', '1992-03-04' ,459, 47);INSERT INTO Transaction (transaction_ID, transactionNum, transactionDate, transactionType_ID, account_ID)VALUES (700,' num211', '1992-03-04' ,62, 47);INSERT INTO Transaction (transaction_ID, transactionNum, transactionDate, transactionType_ID, account_ID)VALUES (406,' num559', '1992-03-04' ,62, 47);INSERT INTO Transaction (transaction_ID, transactionNum, transactionDate, transactionType_ID, account_ID)VALUES (526,' num480', '1992-03-04' ,62, 47);INSERT INTO Transaction (transaction_ID, transactionNum, transactionDate, transactionType_ID, account_ID)VALUES (35,' num666', '1992-03-04' ,62, 47);INSERT INTO Transaction (transaction_ID, transactionNum, transactionDate, transactionType_ID, account_ID)VALUES (625,' num510', '1992-03-04' ,459, 47);INSERT INTO Transaction (transaction_ID, transactionNum, transactionDate, transactionType_ID, account_ID)VALUES (838,' num877', '1992-03-04' ,62, 47);INSERT INTO Transaction (transaction_ID, transactionNum, transactionDate, transactionType_ID, account_ID)VALUES (248,' num955', '1992-03-04' ,62, 47);INSERT INTO Transaction (transaction_ID, transactionNum, transactionDate, transactionType_ID, account_ID)VALUES (398,' num769', '1992-03-04' ,459, 47);INSERT INTO Transaction (transaction_ID, transactionNum, transactionDate, transactionType_ID, account_ID)VALUES (559,' num846', '1992-03-04' ,459, 47);INSERT INTO Transaction (transaction_ID, transactionNum, transactionDate, transactionType_ID, account_ID)VALUES (643,' num993', '1992-03-04' ,459, 47);INSERT INTO Transaction (transaction_ID, transactionNum, transactionDate, transactionType_ID, account_ID)VALUES (356,' num732', '1992-03-04' ,62, 47);INSERT INTO Transaction (transaction_ID, transactionNum, transactionDate, transactionType_ID, account_ID)VALUES (59,' num925', '1992-03-04' ,62, 47);INSERT INTO Transaction (transaction_ID, transactionNum, transactionDate, transactionType_ID, account_ID)VALUES (488,' num278', '1992-03-04' ,459, 47);INSERT INTO Transaction (transaction_ID, transactionNum, transactionDate, transactionType_ID, account_ID)VALUES (415,' num419', '1992-03-04' ,62, 47);INSERT INTO Transaction (transaction_ID, transactionNum, transactionDate, transactionType_ID, account_ID)VALUES (313,' num288', '1992-03-04' ,459, 47);INSERT INTO Transaction (transaction_ID, transactionNum, transactionDate, transactionType_ID, account_ID)VALUES (203,' num948', '1992-03-04' ,62, 47);INSERT INTO Transaction (transaction_ID, transactionNum, transactionDate, transactionType_ID, account_ID)VALUES (946,' num114', '1992-03-04' ,459, 47);INSERT INTO Transaction (transaction_ID, transactionNum, transactionDate, transactionType_ID, account_ID)VALUES (508,' num814', '1992-03-04' ,459, 47);INSERT INTO Transaction (transaction_ID, transactionNum, transactionDate, transactionType_ID, account_ID)VALUES (655,' num822', '1992-03-04' ,459, 47);INSERT INTO Transaction (transaction_ID, transactionNum, transactionDate, transactionType_ID, account_ID)VALUES (481,' num819', '1992-03-04' ,459, 47);INSERT INTO Transaction (transaction_ID, transactionNum, transactionDate, transactionType_ID, account_ID)VALUES (984,' num505', '1992-03-04' ,62, 47);INSERT INTO Transaction (transaction_ID, transactionNum, transactionDate, transactionType_ID, account_ID)VALUES (595,' num66', '1992-03-04' ,459, 47);INSERT INTO Transaction (transaction_ID, transactionNum, transactionDate, transactionType_ID, account_ID)VALUES (987,' num277', '1992-03-04' ,62, 47);INSERT INTO Transaction (transaction_ID, transactionNum, transactionDate, transactionType_ID, account_ID)VALUES (518,' num465', '1992-03-04' ,459, 47);INSERT INTO Transaction (transaction_ID, transactionNum, transactionDate, transactionType_ID, account_ID)VALUES (16,' num867', '1992-03-04' ,459, 47);INSERT INTO Transaction (transaction_ID, transactionNum, transactionDate, transactionType_ID, account_ID)VALUES (316,' num127', '1992-03-04' ,459, 47);INSERT INTO Transaction (transaction_ID, transactionNum, transactionDate, transactionType_ID, account_ID)VALUES (277,' num585', '1992-03-04' ,459, 47);INSERT INTO Transaction (transaction_ID, transactionNum, transactionDate, transactionType_ID, account_ID)VALUES (862,' num292', '1992-03-04' ,459, 47);INSERT INTO Transaction (transaction_ID, transactionNum, transactionDate, transactionType_ID, account_ID)VALUES (360,' num863', '1992-03-04' ,459, 47);INSERT INTO Transaction (transaction_ID, transactionNum, transactionDate, transactionType_ID, account_ID)VALUES (997,' num214', '1992-03-04' ,62, 47);INSERT INTO Transaction (transaction_ID, transactionNum, transactionDate, transactionType_ID, account_ID)VALUES (362,' num466', '1992-03-04' ,62, 47);INSERT INTO Transaction (transaction_ID, transactionNum, transactionDate, transactionType_ID, account_ID)VALUES (361,' num918', '1992-03-04' ,62, 47);INSERT INTO Transaction (transaction_ID, transactionNum, transactionDate, transactionType_ID, account_ID)VALUES (841,' num350', '1992-03-04' ,459, 47);INSERT INTO Transaction (transaction_ID, transactionNum, transactionDate, transactionType_ID, account_ID)VALUES (194,' num841', '1992-03-04' ,62, 47);INSERT INTO Transaction (transaction_ID, transactionNum, transactionDate, transactionType_ID, account_ID)VALUES (902,' num931', '1992-03-04' ,62, 47);INSERT INTO Transaction (transaction_ID, transactionNum, transactionDate, transactionType_ID, account_ID)VALUES (30,' num795', '1992-03-04' ,459, 47);INSERT INTO Transaction (transaction_ID, transactionNum, transactionDate, transactionType_ID, account_ID)VALUES (158,' num93', '1992-03-04' ,62, 47);INSERT INTO Transaction (transaction_ID, transactionNum, transactionDate, transactionType_ID, account_ID)VALUES (476,' num964', '1992-03-04' ,459, 47);INSERT INTO Transaction (transaction_ID, transactionNum, transactionDate, transactionType_ID, account_ID)VALUES (560,' num766', '1992-03-04' ,62, 47);INSERT INTO Transaction (transaction_ID, transactionNum, transactionDate, transactionType_ID, account_ID)VALUES (484,' num141', '1992-03-04' ,459, 47);INSERT INTO Transaction (transaction_ID, transactionNum, transactionDate, transactionType_ID, account_ID)VALUES (922,' num67', '1992-03-04' ,459, 47);INSERT INTO Transaction (transaction_ID, transactionNum, transactionDate, transactionType_ID, account_ID)VALUES (112,' num685', '1992-03-04' ,62, 47);INSERT INTO Transaction (transaction_ID, transactionNum, transactionDate, transactionType_ID, account_ID)VALUES (980,' num828', '1992-03-04' ,459, 47);INSERT INTO Transaction (transaction_ID, transactionNum, transactionDate, transactionType_ID, account_ID)VALUES (416,' num936', '1992-03-04' ,459, 47);INSERT INTO Transaction (transaction_ID, transactionNum, transactionDate, transactionType_ID, account_ID)VALUES (424,' num773', '1992-03-04' ,459, 47);INSERT INTO Transaction (transaction_ID, transactionNum, transactionDate, transactionType_ID, account_ID)VALUES (887,' num1000', '1992-03-04' ,62, 47);INSERT INTO Transaction (transaction_ID, transactionNum, transactionDate, transactionType_ID, account_ID)VALUES (451,' num382', '1992-03-04' ,459, 47);INSERT INTO Transaction (transaction_ID, transactionNum, transactionDate, transactionType_ID, account_ID)VALUES (830,' num823', '1992-03-04' ,459, 47);INSERT INTO Transaction (transaction_ID, transactionNum, transactionDate, transactionType_ID, account_ID)VALUES (928,' num683', '1992-03-04' ,459, 47);INSERT INTO Transaction (transaction_ID, transactionNum, transactionDate, transactionType_ID, account_ID)VALUES (599,' num381', '1992-03-04' ,62, 47);INSERT INTO Transaction (transaction_ID, 