create table if not exists customer (customer_id int not null, customernum varchar unique not null, customername varchar not null, customersurname varchar not null, customerdateofbirth date not null,customercity varchar not null ,primary key (customer_id) );create table if not exists account (account_id int not null, customer_id int not null,  accounttype_id int not null, accountnum varchar unique not null, accountdate date not null, accountbalance double precision not null, primary key (account_id));create table if not exists transaction (transaction_id int not null, transactionnum varchar not null, transactiontype_id int not null, account_id int not null, transactiondate date not null);create table if not exists transactiontype (transactiontype_id int not null, transactiontypenum varchar not null, transactiontypename varchar not null, primary key (transactiontype_id));create table if not exists accounttype (accounttype_id int not null, accounttypenum varchar not null, accounttypename varchar not null, primary key (accounttype_id));alter table account add foreign key (accounttype_id) references accounttype(accounttype_id);alter table transaction add foreign key (account_id) references account (account_id);INSERT INTO TransactionType (transactionType_ID, transactionTypeNum, transactionTypeName)VALUES (719, 'num303', 'withdraw');INSERT INTO TransactionType (transactionType_ID, transactionTypeNum, transactionTypeName)VALUES (97, 'num355', 'deposit');INSERT INTO AccountType(accountType_ID, accountTypeNum, accountTypeName)VALUES (951, 'num167', 'current');INSERT INTO AccountType(accountType_ID, accountTypeNum, accountTypeName)VALUES (797, 'num287', 'credit');INSERT INTO Customer(customer_ID, customerNum, customerName, customerSurname, customerDateOfBirth, customerCity) VALUES (316, 'num574', 'cust444', 'Smith', '1992-03-15', 'Johannesburg');INSERT INTO Customer(customer_ID, customerNum, customerName, customerSurname, customerDateOfBirth, customerCity) VALUES (135, 'num456', 'cust677', 'Smith', '1992-03-15', 'Johannesburg');INSERT INTO Customer(customer_ID, customerNum, customerName, customerSurname, customerDateOfBirth, customerCity) VALUES (807, 'num316', 'cust205', 'Smith', '1992-03-15', 'Johannesburg');INSERT INTO Customer(customer_ID, customerNum, customerName, customerSurname, customerDateOfBirth, customerCity) VALUES (357, 'num776', 'cust538', 'Smith', '1992-03-15', 'Johannesburg');INSERT INTO Customer(customer_ID, customerNum, customerName, customerSurname, customerDateOfBirth, customerCity) VALUES (615, 'num596', 'cust476', 'Smith', '1992-03-15', 'Johannesburg');INSERT INTO Customer(customer_ID, customerNum, customerName, customerSurname, customerDateOfBirth, customerCity) VALUES (972, 'num800', 'cust941', 'Smith', '1992-03-15', 'Johannesburg');INSERT INTO Customer(customer_ID, customerNum, customerName, customerSurname, customerDateOfBirth, customerCity) VALUES (170, 'num165', 'cust243', 'Smith', '1992-03-15', 'Johannesburg');INSERT INTO Customer(customer_ID, customerNum, customerName, customerSurname, customerDateOfBirth, customerCity) VALUES (610, 'num975', 'cust143', 'Smith', '1992-03-15', 'Johannesburg');INSERT INTO Customer(customer_ID, customerNum, customerName, customerSurname, customerDateOfBirth, customerCity) VALUES (25, 'num980', 'cust505', 'Smith', '1992-03-15', 'Johannesburg');INSERT INTO Customer(customer_ID, customerNum, customerName, customerSurname, customerDateOfBirth, customerCity) VALUES (265, 'num70', 'cust432', 'Smith', '1992-03-15', 'Johannesburg');INSERT INTO Customer(customer_ID, customerNum, customerName, customerSurname, customerDateOfBirth, customerCity) VALUES (952, 'num964', 'cust901', 'Smith', '1992-03-15', 'Johannesburg');INSERT INTO Customer(customer_ID, customerNum, customerName, customerSurname, customerDateOfBirth, customerCity) VALUES (794, 'num796', 'cust716', 'Smith', '1992-03-15', 'Johannesburg');INSERT INTO Customer(customer_ID, customerNum, customerName, customerSurname, customerDateOfBirth, customerCity) VALUES (604, 'num887', 'cust267', 'Smith', '1992-03-15', 'Johannesburg');INSERT INTO Customer(customer_ID, customerNum, customerName, customerSurname, customerDateOfBirth, customerCity) VALUES (195, 'num660', 'cust34', 'Smith', '1992-03-15', 'Johannesburg');INSERT INTO Customer(customer_ID, customerNum, customerName, customerSurname, customerDateOfBirth, customerCity) VALUES (953, 'num850', 'cust37', 'Smith', '1992-03-15', 'Johannesburg');INSERT INTO Customer(customer_ID, customerNum, customerName, customerSurname, customerDateOfBirth, customerCity) VALUES (718, 'num430', 'cust822', 'Smith', '1992-03-15', 'Johannesburg');INSERT INTO Customer(customer_ID, customerNum, customerName, customerSurname, customerDateOfBirth, customerCity) VALUES (510, 'num969', 'cust606', 'Smith', '1992-03-15', 'Johannesburg');INSERT INTO Customer(customer_ID, customerNum, customerName, customerSurname, customerDateOfBirth, customerCity) VALUES (441, 'num441', 'cust482', 'Smith', '1992-03-15', 'Johannesburg');INSERT INTO Customer(customer_ID, customerNum, customerName, customerSurname, customerDateOfBirth, customerCity) VALUES (551, 'num323', 'cust381', 'Smith', '1992-03-15', 'Johannesburg');INSERT INTO Customer(customer_ID, customerNum, customerName, customerSurname, customerDateOfBirth, customerCity) VALUES (895, 'num931', 'cust421', 'Smith', '1992-03-15', 'Johannesburg');INSERT INTO Account(account_ID, accountNum, customer_ID, accountDate, accountBalance, accountType_ID) VALUES (162, 'num822', 610,'2020-04-15' ,5017, 951);INSERT INTO Account(account_ID, accountNum, customer_ID, accountDate, accountBalance, accountType_ID) VALUES (604, 'num133', 610,'2020-04-15' ,7663, 797);INSERT INTO Account(account_ID, accountNum, customer_ID, accountDate, accountBalance, accountType_ID) VALUES (317, 'num906', 610,'2020-04-15' ,-6637, 951);INSERT INTO Account(account_ID, accountNum, customer_ID, accountDate, accountBalance, accountType_ID) VALUES (609, 'num359', 610,'2020-04-15' ,9054, 951);INSERT INTO Account(account_ID, accountNum, customer_ID, accountDate, accountBalance, accountType_ID) VALUES (507, 'num584', 610,'2020-04-15' ,8452, 797);INSERT INTO Account(account_ID, accountNum, customer_ID, accountDate, accountBalance, accountType_ID) VALUES (477, 'num354', 170,'2020-04-15' ,-9095, 797);INSERT INTO Account(account_ID, accountNum, customer_ID, accountDate, accountBalance, accountType_ID) VALUES (368, 'num264', 972,'2020-04-15' ,-6500, 797);INSERT INTO Account(account_ID, accountNum, customer_ID, accountDate, accountBalance, accountType_ID) VALUES (825, 'num941', 972,'2020-04-15' ,-14982, 797);INSERT INTO Account(account_ID, accountNum, customer_ID, accountDate, accountBalance, accountType_ID) VALUES (337, 'num33', 972,'2020-04-15' ,3963, 951);INSERT INTO Account(account_ID, accountNum, customer_ID, accountDate, accountBalance, accountType_ID) VALUES (859, 'num126', 972,'2020-04-15' ,710, 797);INSERT INTO Account(account_ID, accountNum, customer_ID, accountDate, accountBalance, accountType_ID) VALUES (250, 'num920', 972,'2020-04-15' ,6644, 797);INSERT INTO Account(account_ID, accountNum, customer_ID, accountDate, accountBalance, accountType_ID) VALUES (64, 'num531', 718,'2020-04-15' ,12834, 951);INSERT INTO Account(account_ID, accountNum, customer_ID, accountDate, accountBalance, accountType_ID) VALUES (79, 'num219', 718,'2020-04-15' ,15725, 951);INSERT INTO Account(account_ID, accountNum, customer_ID, accountDate, accountBalance, accountType_ID) VALUES (527, 'num230', 718,'2020-04-15' ,19911, 797);INSERT INTO Account(account_ID, accountNum, customer_ID, accountDate, accountBalance, accountType_ID) VALUES (289, 'num4', 718,'2020-04-15' ,-20, 797);INSERT INTO Account(account_ID, accountNum, customer_ID, accountDate, accountBalance, accountType_ID) VALUES (605, 'num425', 718,'2020-04-15' ,12558, 951);INSERT INTO Account(account_ID, accountNum, customer_ID, accountDate, accountBalance, accountType_ID) VALUES (433, 'num997', 718,'2020-04-15' ,18069, 951);INSERT INTO Account(account_ID, accountNum, customer_ID, accountDate, accountBalance, accountType_ID) VALUES (68, 'num894', 952,'2020-04-15' ,-7284, 797);INSERT INTO Account(account_ID, accountNum, customer_ID, accountDate, accountBalance, accountType_ID) VALUES (399, 'num864', 952,'2020-04-15' ,72, 951);INSERT INTO Account(account_ID, accountNum, customer_ID, accountDate, accountBalance, accountType_ID) VALUES (232, 'num905', 952,'2020-04-15' ,-8657, 797);INSERT INTO Account(account_ID, accountNum, customer_ID, accountDate, accountBalance, accountType_ID) VALUES (856, 'num231', 952,'2020-04-15' ,-12113, 951);INSERT INTO Account(account_ID, accountNum, customer_ID, accountDate, accountBalance, accountType_ID) VALUES (190, 'num249', 952,'2020-04-15' ,-14587, 951);INSERT INTO Account(account_ID, accountNum, customer_ID, accountDate, accountBalance, accountType_ID) VALUES (38, 'num726', 794,'2020-04-15' ,11344, 797);INSERT INTO Account(account_ID, accountNum, customer_ID, accountDate, accountBalance, accountType_ID) VALUES (144, 'num308', 794,'2020-04-15' ,12866, 797);INSERT INTO Account(account_ID, accountNum, customer_ID, accountDate, accountBalance, accountType_ID) VALUES (596, 'num716', 794,'2020-04-15' ,17128, 951);INSERT INTO Account(account_ID, accountNum, customer_ID, accountDate, accountBalance, accountType_ID) VALUES (293, 'num437', 794,'2020-04-15' ,-13434, 951);INSERT INTO Account(account_ID, accountNum, customer_ID, accountDate, accountBalance, accountType_ID) VALUES (175, 'num72', 794,'2020-04-15' ,8709, 797);INSERT INTO Account(account_ID, accountNum, customer_ID, accountDate, accountBalance, accountType_ID) VALUES (147, 'num816', 794,'2020-04-15' ,3905, 797);INSERT INTO Account(account_ID, accountNum, customer_ID, accountDate, accountBalance, accountType_ID) VALUES (231, 'num52', 794,'2020-04-15' ,-14352, 951);INSERT INTO Account(account_ID, accountNum, customer_ID, accountDate, accountBalance, accountType_ID) VALUES (205, 'num516', 316,'2020-04-15' ,-743, 951);INSERT INTO Account(account_ID, accountNum, customer_ID, accountDate, accountBalance, accountType_ID) VALUES (853, 'num984', 316,'2020-04-15' ,2463, 951);INSERT INTO Account(account_ID, accountNum, customer_ID, accountDate, accountBalance, accountType_ID) VALUES (493, 'num831', 604,'2020-04-15' ,-5665, 797);INSERT INTO Account(account_ID, accountNum, customer_ID, accountDate, accountBalance, accountType_ID) VALUES (895, 'num926', 604,'2020-04-15' ,-2010, 797);INSERT INTO Account(account_ID, accountNum, customer_ID, accountDate, accountBalance, accountType_ID) VALUES (977, 'num789', 604,'2020-04-15' ,-1235, 797);INSERT INTO Account(account_ID, accountNum, customer_ID, accountDate, accountBalance, accountType_ID) VALUES (254, 'num493', 604,'2020-04-15' ,-2034, 797);INSERT INTO Account(account_ID, accountNum, customer_ID, accountDate, accountBalance, accountType_ID) VALUES (897, 'num524', 604,'2020-04-15' ,16698, 797);INSERT INTO Account(account_ID, accountNum, customer_ID, accountDate, accountBalance, accountType_ID) VALUES (549, 'num312', 604,'2020-04-15' ,-5260, 951);INSERT INTO Account(account_ID, accountNum, customer_ID, accountDate, accountBalance, accountType_ID) VALUES (82, 'num967', 510,'2020-04-15' ,7890, 797);INSERT INTO Account(account_ID, accountNum, customer_ID, accountDate, accountBalance, accountType_ID) VALUES (88, 'num856', 510,'2020-04-15' ,-2656, 797);INSERT INTO Transaction (transaction_ID, transactionNum, transactionDate, transactionType_ID, account_ID)VALUES (584,' num651', '1992-03-04' ,97, 368);INSERT INTO Transaction (transaction_ID, transactionNum, transactionDate, transactionType_ID, account_ID)VALUES (71,' num855', '1992-03-04' ,97, 368);INSERT INTO Transaction (transaction_ID, transactionNum, transactionDate, transactionType_ID, account_ID)VALUES (409,' num490', '1992-03-04' ,719, 368);INSERT INTO Transaction (transaction_ID, transactionNum, transactionDate, transactionType_ID, account_ID)VALUES (110,' num495', '1992-03-04' ,719, 368);INSERT INTO Transaction (transaction_ID, transactionNum, transactionDate, transactionType_ID, account_ID)VALUES (775,' num516', '1992-03-04' ,97, 368);INSERT INTO Transaction (transaction_ID, transactionNum, transactionDate, transactionType_ID, account_ID)VALUES (898,' num321', '1992-03-04' ,719, 368);INSERT INTO Transaction (transaction_ID, transactionNum, transactionDate, transactionType_ID, account_ID)VALUES (79,' num176', '1992-03-04' ,719, 368);INSERT INTO Transaction (transaction_ID, transactionNum, transactionDate, transactionType_ID, account_ID)VALUES (731,' num998', '1992-03-04' ,97, 368);INSERT INTO Transaction (transaction_ID, transactionNum, transactionDate, transactionType_ID, account_ID)VALUES (455,' num367', '1992-03-04' ,97, 368);INSERT INTO Transaction (transaction_ID, transactionNum, transactionDate, transactionType_ID, account_ID)VALUES (759,' num594', '1992-03-04' ,97, 368);INSERT INTO Transaction (transaction_ID, transactionNum, transactionDate, transactionType_ID, account_ID)VALUES (20,' num941', '1992-03-04' ,719, 368);INSERT INTO Transaction (transaction_ID, transactionNum, transactionDate, transactionType_ID, account_ID)VALUES (25,' num620', '1992-03-04' ,719, 368);INSERT INTO Transaction (transaction_ID, transactionNum, transactionDate, transactionType_ID, account_ID)VALUES (965,' num599', '1992-03-04' ,719, 368);INSERT INTO Transaction (transaction_ID, transactionNum, transactionDate, transactionType_ID, account_ID)VALUES (220,' num325', '1992-03-04' ,97, 368);INSERT INTO Transaction (transaction_ID, transactionNum, transactionDate, transactionType_ID, account_ID)VALUES (642,' num344', '1992-03-04' ,97, 368);INSERT INTO Transaction (transaction_ID, transactionNum, transactionDate, transactionType_ID, account_ID)VALUES (47,' num776', '1992-03-04' ,97, 368);INSERT INTO Transaction (transaction_ID, transactionNum, transactionDate, transactionType_ID, account_ID)VALUES (138,' num996', '1992-03-04' ,719, 368);INSERT INTO Transaction (transaction_ID, transactionNum, transactionDate, transactionType_ID, account_ID)VALUES (865,' num542', '1992-03-04' ,719, 368);INSERT INTO Transaction (transaction_ID, transactionNum, transactionDate, transactionType_ID, account_ID)VALUES (361,' num141', '1992-03-04' ,719, 368);INSERT INTO Transaction (transaction_ID, transactionNum, transactionDate, transactionType_ID, account_ID)VALUES (332,' num78', '1992-03-04' ,719, 368);INSERT INTO Transaction (transaction_ID, transactionNum, transactionDate, transactionType_ID, account_ID)VALUES (800,' num444', '1992-03-04' ,719, 368);INSERT INTO Transaction (transaction_ID, transactionNum, transactionDate, transactionType_ID, account_ID)VALUES (768,' num373', '1992-03-04' ,719, 368);INSERT INTO Transaction (transaction_ID, transactionNum, transactionDate, transactionType_ID, account_ID)VALUES (682,' num548', '1992-03-04' ,719, 368);INSERT INTO Transaction (transaction_ID, transactionNum, transactionDate, transactionType_ID, account_ID)VALUES (810,' num323', '1992-03-04' ,97, 368);INSERT INTO Transaction (transaction_ID, transactionNum, transactionDate, transactionType_ID, account_ID)VALUES (556,' num982', '1992-03-04' ,719, 368);INSERT INTO Transaction (transaction_ID, transactionNum, transactionDate, transactionType_ID, account_ID)VALUES (188,' num31', '1992-03-04' ,719, 368);INSERT INTO Transaction (transaction_ID, transactionNum, transactionDate, transactionType_ID, account_ID)VALUES (402,' num768', '1992-03-04' ,97, 368);INSERT INTO Transaction (transaction_ID, transactionNum, transactionDate, transactionType_ID, account_ID)VALUES (472,' num33', '1992-03-04' ,97, 368);INSERT INTO Transaction (transaction_ID, transactionNum, transactionDate, transactionType_ID, account_ID)VALUES (142,' num933', '1992-03-04' ,97, 368);INSERT INTO Transaction (transaction_ID, transactionNum, transactionDate, transactionType_ID, account_ID)VALUES (201,' num259', '1992-03-04' ,97, 368);INSERT INTO Transaction (transaction_ID, transactionNum, transactionDate, transactionType_ID, account_ID)VALUES (16,' num226', '1992-03-04' ,97, 368);INSERT INTO Transaction (transaction_ID, transactionNum, transactionDate, transactionType_ID, account_ID)VALUES (711,' num562', '1992-03-04' ,97, 368);INSERT INTO Transaction (transaction_ID, transactionNum, transactionDate, transactionType_ID, account_ID)VALUES (28,' num736', '1992-03-04' ,719, 368);INSERT INTO Transaction (transaction_ID, transactionNum, transactionDate, transactionType_ID, account_ID)VALUES (275,' num841', '1992-03-04' ,719, 368);INSERT INTO Transaction (transaction_ID, transactionNum, transactionDate, transactionType_ID, account_ID)VALUES (279,' num647', '1992-03-04' ,97, 368);INSERT INTO Transaction (transaction_ID, transactionNum, transactionDate, transactionType_ID, account_ID)VALUES (980,' num648', '1992-03-04' ,97, 368);INSERT INTO Transaction (transaction_ID, transactionNum, transactionDate, transactionType_ID, account_ID)VALUES (992,' num822', '1992-03-04' ,719, 368);INSERT INTO Transaction (transaction_ID, transactionNum, transactionDate, transactionType_ID, account_ID)VALUES (143,' num75', '1992-03-04' ,719, 368);INSERT INTO Transaction (transaction_ID, transactionNum, transactionDate, transactionType_ID, account_ID)VALUES (892,' num582', '1992-03-04' ,719, 368);INSERT INTO Transaction (transaction_ID, transactionNum, transactionDate, transactionType_ID, account_ID)VALUES (866,' num257', '1992-03-04' ,97, 368);INSERT INTO Transaction (transaction_ID, transactionNum, transactionDate, transactionType_ID, account_ID)VALUES (984,' num670', '1992-03-04' ,97, 368);INSERT INTO Transaction (transaction_ID, transactionNum, transactionDate, transactionType_ID, account_ID)VALUES (515,' num63', '1992-03-04' ,97, 368);INSERT INTO Transaction (transaction_ID, transactionNum, transactionDate, transactionType_ID, account_ID)VALUES (413,' num68', '1992-03-04' ,719, 368);INSERT INTO Transaction (transaction_ID, transactionNum, transactionDate, transactionType_ID, account_ID)VALUES (117,' num816', '1992-03-04' ,719, 368);INSERT INTO Transaction (transaction_ID, transactionNum, transactionDate, transactionType_ID, account_ID)VALUES (942,' num122', '1992-03-04' ,719, 368);INSERT INTO Transaction (transaction_ID, transactionNum, transactionDate, transactionType_ID, account_ID)VALUES (710,' num981', '1992-03-04' ,97, 368);INSERT INTO Transaction (transaction_ID, transactionNum, transactionDate, transactionType_ID, account_ID)VALUES (257,' num572', '1992-03-04' ,719, 368);INSERT INTO Transaction (transaction_ID, transactionNum, transactionDate, transactionType_ID, account_ID)VALUES (781,' num406', '1992-03-04' ,97, 368);INSERT INTO Transaction (transaction_ID, transactionNum, transactionDate, transactionType_ID, account_ID)VALUES (536,' num62', '1992-03-04' ,97, 368);INSERT INTO Transaction (transaction_ID, transactionNum, transactionDate, transactionType_ID, account_ID)VALUES (113,' num825', '1992-03-04' ,719, 368);INSERT INTO Transaction (transaction_ID, transactionNum, transactionDate, transactionType_ID, account_ID)VALUES (968,' num55', '1992-03-04' ,719, 368);INSERT INTO Transaction (transaction_ID, transactionNum, transactionDate, transactionType_ID, account_ID)VALUES (452,' num286', '1992-03-04' ,97, 368);INSERT INTO Transaction (transaction_ID, transactionNum, transactionDate, transactionType_ID, account_ID)VALUES (249,' num113', '1992-03-04' ,719, 368);INSERT INTO Transaction (transaction_ID, transactionNum, transactionDate, transactionType_ID, account_ID)VALUES (970,' num381', '1992-03-04' ,97, 368);INSERT INTO Transaction (transaction_ID, transactionNum, transactionDate, transactionType_ID, account_ID)VALUES (80,' num467', '1992-03-04' ,97, 368);INSERT INTO Transaction (transaction_ID, transactionNum, transactionDate, transactionType_ID, account_ID)VALUES (339,' num285', '1992-03-04' ,97, 368);INSERT INTO Transaction (transaction_ID, transactionNum, transactionDate, transactionType_ID, account_ID)VALUES (387,' num56', '1992-03-04' ,97, 368);INSERT INTO Transaction (transaction_ID, transactionNum, transactionDate, transactionType_ID, account_ID)VALUES (895,' num709', '1992-03-04' ,97, 368);INSERT INTO Transaction (transaction_ID, transactionNum, transactionDate, transactionType_ID, account_ID)VALUES (200,' num786', '1992-03-04' ,97, 368);INSERT INTO Transaction (transaction_ID, transactionNum, transactionDate, transactionType_ID, account_ID)VALUES (91,' num504', '1992-03-04' ,97, 368);INSERT INTO Transaction (transaction_ID, transactionNum, transactionDate, transactionType_ID, account_ID)VALUES (420,' num262', '1992-03-04' ,97, 368);INSERT INTO Transaction (transaction_ID, transactionNum, transactionDate, transactionType_ID, account_ID)VALUES (436,' num433', '1992-03-04' ,97, 368);INSERT INTO Transaction (transaction_ID, transactionNum, transactionDate, transactionType_ID, account_ID)VALUES (19,' num284', '1992-03-04' ,719, 368);INSERT INTO Transaction (transaction_ID, transactionNum, transactionDate, transactionType_ID, account_ID)VALUES (678,' num529', '1992-03-04' ,97, 368);INSERT INTO Transaction (transaction_ID, transactionNum, transactionDate, transactionType_ID, account_ID)VALUES (488,' num831', '1992-03-04' ,719, 368);INSERT INTO Transaction (transaction_ID, transactionNum, transactionDate, transactionType_ID, account_ID)VALUES (52,' num183', '1992-03-04' ,719, 368);INSERT INTO Transaction (transaction_ID, transactionNum, transactionDate, transactionType_ID, account_ID)VALUES (101,' num797', '1992-03-04' ,97, 368);INSERT INTO Transaction (transaction_ID, transactionNum, transactionDate, transactionType_ID, account_ID)VALUES (77,' num13', '1992-03-04' ,97, 368);INSERT INTO Transaction (transaction_ID, transactionNum, transactionDate, transactionType_ID, account_ID)VALUES (8,' num214', '1992-03-04' ,719, 368);INSERT INTO Transaction (transaction_ID, transactionNum, transactionDate, transactionType_ID, account_ID)VALUES (539,' num168', '1992-03-04' ,719, 368);INSERT INTO Transaction (transaction_ID, transactionNum, transactionDate, transactionType_ID, account_ID)VALUES (530,' num431', '1992-03-04' ,719, 368);INSERT INTO Transaction (transaction_ID, transactionNum, transactionDate, transactionType_ID, account_ID)VALUES (561,' num571', '1992-03-04' ,719, 368);INSERT INTO Transaction (transaction_ID, transactionNum, transactionDate, transactionType_ID, account_ID)VALUES (177,' num888', '1992-03-04' ,97, 368);INSERT INTO Transaction (transaction_ID, transactionNum, transactionDate, transactionType_ID, account_ID)VALUES (557,' num738', '1992-03-04' ,97, 368);INSERT INTO Transaction (transaction_ID, transactionNum, transactionDate, transactionType_ID, account_ID)VALUES (403,' num96', '1992-03-04' ,97, 368);INSERT INTO Transaction (transaction_ID, transactionNum, transactionDate, transactionType_ID, account_ID)VALUES (252,' num725', '1992-03-04' ,97, 368);INSERT INTO Transaction (transaction_ID, transactionNum, transactionDate, transactionType_ID, account_ID)VALUES (15,' num380', '1992-03-04' ,97, 368);INSERT INTO Transaction (transaction_ID, transactionNum, transactionDate, transactionType_ID, account_ID)VALUES (303,' num901', '1992-03-04' ,97, 368);INSERT INTO Transaction (transaction_ID, transactionNum, transactionDate, transactionType_ID, account_ID)VALUES (162,' num885', '1992-03-04' ,97, 368);INSERT INTO Transaction (transaction_ID, transactionNum, transactionDate, transactionType_ID, account_ID)VALUES (901,' num473', '1992-03-04' ,719, 368);INSERT INTO Transaction (transaction_ID, transactionNum, transactionDate, transactionType_ID, account_ID)VALUES (289,' num358', '1992-03-04' ,97, 368);INSERT INTO Transaction (transaction_ID, transactionNum, transactionDate, transactionType_ID, account_ID)VALUES (412,' num823', '1992-03-04' ,97, 368);INSERT INTO Transaction (transaction_ID, transactionNum, transactionDate, transactionType_ID, account_ID)VALUES (690,' num476', '1992-03-04' ,719, 368);INSERT INTO Transaction (transaction_ID, transactionNum, transactionDate, transactionType_ID, account_ID)VALUES (956,' num338', '1992-03-04' ,719, 368);INSERT INTO Transaction (transaction_ID, transactionNum, transactionDate, transactionType_ID, account_ID)VALUES (45,' num107', '1992-03-04' ,97, 368);INSERT INTO Transaction (transaction_ID, transactionNum, transactionDate, transactionType_ID, account_ID)VALUES (718,' num608', '1992-03-04' ,719, 368);INSERT INTO Transaction (transaction_ID, transactionNum, transactionDate, transactionType_ID, account_ID)VALUES (217,' num402', '1992-03-04' ,97, 368);INSERT INTO Transaction (transaction_ID, transactionNum, transactionDate, transactionType_ID, account_ID)VALUES (126,' num345', '1992-03-04' ,97, 368);INSERT INTO Transaction (transaction_ID, transactionNum, transactionDate, transactionType_ID, account_ID)VALUES (65,' num601', '1992-03-04' ,719, 368);INSERT INTO Transaction (transaction_ID, transactionNum, transactionDate, transactionType_ID, account_ID)VALUES (537,' num896', '1992-03-04' ,719, 368);INSERT INTO Transaction (transaction_ID, transactionNum, transactionDate, transactionType_ID, account_ID)VALUES (514,' num190', '1992-03-04' ,719, 368);INSERT INTO Transaction (transaction_ID, transactionNum, transactionDate, transactionType_ID, account_ID)VALUES (763,' num995', '1992-03-04' ,97, 368);INSERT INTO Transaction (transaction_ID, transactionNum, transactionDate, transactionType_ID, account_ID)VALUES (888,' num120', '1992-03-04' ,719, 368);INSERT INTO Transaction (transaction_ID, transactionNum, transactionDate, transactionType_ID, account_ID)VALUES (195,' num151', '1992-03-04' ,719, 368);INSERT INTO Transaction (transaction_ID, transactionNum, transactionDate, transactionType_ID, account_ID)VALUES (392,' num784', '1992-03-04' ,719, 368);INSERT INTO Transaction (transaction_ID, transactionNum, transactionDate, transactionType_ID, account_ID)VALUES (998,' num25', '1992-03-04' ,97, 64);INSERT INTO Transaction (transaction_ID, transactionNum, transactionDate, transactionType_ID, account_ID)VALUES (423,' num144', '1992-03-04' ,97, 64);INSERT INTO Transaction (transaction_ID, transactionNum, transactionDate, transactionType_ID, account_ID)VALUES (952,' num332', '1992-03-04' ,719, 64);INSERT INTO Transaction (transaction_ID, transactionNum, transactionDate, transactionType_ID, account_ID)VALUES (907,' num470', '1992-03-04' ,719, 64);INSERT INTO Transaction (transaction_ID, transactionNum, transactionDate, transactionType_ID, account_ID)VALUES (189,' num401', '1992-03-04' ,719, 64);INSERT INTO Transaction (transaction_ID, transactionNum, transactionDate, transactionType_ID, account_ID)VALUES (234,' num72', '1992-03-04' ,719, 64);INSERT INTO Transaction (transaction_ID, transactionNum, transactionDate, transactionType_ID, account_ID)VALUES (169,' num277', '1992-03-04' ,97, 64);INSERT INTO Transaction (transaction_ID, transactionNum, transactionDate, transactionType_ID, account_ID)VALUES (167,' num65', '1992-03-04' ,97, 64);INSERT INTO Transaction (transaction_ID, transactionNum, transactionDate, transactionType_ID, account_ID)VALUES (461,' num753', '1992-03-04' ,719, 64);INSERT INTO Transaction (transaction_ID, transactionNum, transactionDate, transactionType_ID, account_ID)VALUES (601,' num861', '1992-03-04' ,719, 64);INSERT INTO Transaction (transaction_ID, transactionNum, transactionDate, transactionType_ID, account_ID)VALUES (251,' num737', '1992-03-04' ,97, 64);INSERT INTO Transaction (transaction_ID, transactionNum, transactionDate, transactionType_ID, account_ID)VALUES (386,' num627', '1992-03-04' ,719, 64);INSERT INTO Transaction (transaction_ID, transactionNum, transactionDate, transactionType_ID, account_ID)VALUES (504,' num974', '1992-03-04' ,97, 64);INSERT INTO Transaction (transaction_ID, transactionNum, transactionDate, transactionType_ID, account_ID)VALUES (834,' num1000', '1992-03-04' ,719, 64);INSERT INTO Transaction (transaction_ID, transactionNum, transactionDate, transactionType_ID, account_ID)VALUES (701,' num673', '1992-03-04' ,719, 64);INSERT INTO Transaction (transaction_ID, transactionNum, transactionDate, transactionType_ID, account_ID)VALUES (241,' num133', '1992-03-04' ,719, 64);INSERT INTO Transaction (transaction_ID, transactionNum, transactionDate, transactionType_ID, account_ID)VALUES (986,' num450', '1992-03-04' ,97, 64);INSERT INTO Transaction (transaction_ID, transactionNum, transactionDate, transactionType_ID, account_ID)VALUES (880,' num416', '1992-03-04' ,719, 64);INSERT INTO Transaction (transaction_ID, transactionNum, transactionDate, transactionType_ID, account_ID)VALUES (75,' num67', '1992-03-04' ,97, 64);INSERT INTO Transaction (transaction_ID, transactionNum, transactionDate, transactionType_ID, account_ID)VALUES (500,' num278', '1992-03-04' ,719, 64);INSERT INTO Transaction (transaction_ID, transactionNum, transactionDate, transactionType_ID, account_ID)VALUES (867,' num413', '1992-03-04' ,719, 64);INSERT INTO Transaction (transaction_ID, transactionNum, transactionDate, transactionType_ID, account_ID)VALUES (780,' num623', '1992-03-04' ,719, 64);INSERT INTO Transaction (transaction_ID, transactionNum, transactionDate, transactionType_ID, account_ID)VALUES (522,' num468', '1992-03-04' ,719, 64);INSERT INTO Transaction (transaction_ID, transactionNum, transactionDate, transactionType_ID, account_ID)VALUES (962,' num327', '1992-03-04' ,97, 64);INSERT INTO Transaction (transaction_ID, transactionNum, transactionDate, transactionType_ID, account_ID)VALUES (207,' num180', '1992-03-04' ,97, 64);INSERT INTO Transaction (transaction_ID, transactionNum, transactionDate, transactionType_ID, account_ID)VALUES (280,' num429', '1992-03-04' ,719, 64);INSERT INTO Transaction (transaction_ID, transactionNum, transactionDate, transactionType_ID, account_ID)VALUES (146,' num520', '1992-03-04' ,97, 64);INSERT INTO Transaction (transaction_ID, transactionNum, transactionDate, transactionType_ID, account_ID)VALUES (322,' num866', '1992-03-04' ,719, 64);INSERT INTO Transaction (transaction_ID, transactionNum, transactionDate, transactionType_ID, account_ID)VALUES (568,' num635', '1992-03-04' ,719, 64);INSERT INTO Transaction (transaction_ID, transactionNum, transactionDate, transactionType_ID, account_ID)VALUES (56,' num366', '1992-03-04' ,719, 64);INSERT INTO Transaction (transaction_ID, transactionNum, transactionDate, transactionType_ID, account_ID)VALUES (93,' num900', '1992-03-04' ,97, 64);INSERT INTO Transaction (transaction_ID, transactionNum, transactionDate, transactionType_ID, account_ID)VALUES (836,' num878', '1992-03-04' ,97, 64);INSERT INTO Transaction (transaction_ID, transactionNum, transactionDate, transactionType_ID, account_ID)VALUES (931,' num668', '1992-03-04' ,97, 64);INSERT INTO Transaction (transaction_ID, transactionNum, transactionDate, transactionType_ID, account_ID)VALUES (318,' num439', '1992-03-04' ,719, 64);INSERT INTO Transaction (transaction_ID, transactionNum, transactionDate, transactionType_ID, account_ID)VALUES (788,' num290', '1992-03-04' ,719, 64);INSERT INTO Transaction (transaction_ID, transactionNum, transactionDate, transactionType_ID, account_ID)VALUES (95,' num379', '1992-03-04' ,719, 64);INSERT INTO Transaction (transaction_ID, transactionNum, transactionDate, transactionType_ID, account_ID)VALUES (69,' num907', '1992-03-04' ,97, 64);INSERT INTO Transaction (transaction_ID, transactionNum, transactionDate, transactionType_ID, account_ID)VALUES (218,' num119', '1992-03-04' ,719, 64);INSERT INTO Transaction (transaction_ID, transactionNum, transactionDate, transactionType_ID, account_ID)VALUES (909,' num206', '1992-03-04' ,97, 64);INSERT INTO Transaction (transaction_ID, transactionNum, transactionDate, transactionType_ID, account_ID)VALUES (830,' num540', '1992-03-04' ,97, 64);INSERT INTO Transaction (transaction_ID, transactionNum, transactionDate, transactionType_ID, account_ID)VALUES (85,' num922', '1992-03-04' ,719, 64);INSERT INTO Transaction (transaction_ID, transactionNum, transactionDate, transactionType_ID, account_ID)VALUES (704,' num932', '1992-03-04' ,719, 64);INSERT INTO Transaction (transaction_ID, transactionNum, transactionDate, transactionType_ID, account_ID)VALUES (197,' num38', '1992-03-04' ,97, 64);INSERT INTO Transaction (transaction_ID, transactionNum, transactionDate, transactionType_ID, account_ID)VALUES (619,' num676', '1992-03-04' ,97, 64);INSERT INTO Transaction (transaction_ID, transactionNum, transactionDate, transactionType_ID, account_ID)VALUES (121,' num539', '1992-03-04' ,719, 64);INSERT INTO Transaction (transaction_ID, transactionNum, transactionDate, transactionType_ID, account_ID)VALUES (415,' num696', '1992-03-04' ,719, 64);INSERT INTO Transaction (transaction_ID, transactionNum, transactionDate, transactionType_ID, account_ID)VALUES (208,' num154', '1992-03-04' ,719, 64);INSERT INTO Transaction (transaction_ID, transactionNum, transactionDate, transactionType_ID, account_ID)VALUES (43,' num270', '1992-03-04' ,719, 64);INSERT INTO Transaction (transaction_ID, transactionNum, transactionDate, transactionType_ID, account_ID)VALUES (681,' num604', '1992-03-04' ,97, 64);INSERT INTO Transaction (transaction_ID, transactionNum, transactionDate, transactionType_ID, account_ID)VALUES (86,' num587', '1992-03-04' ,719, 64);INSERT INTO Transaction (transaction_ID, transactionNum, transactionDate, transactionType_ID, account_ID)VALUES (924,' num976', '1992-03-04' ,97, 64);INSERT INTO Transaction (transaction_ID, transactionNum, transactionDate, transactionType_ID, account_ID)VALUES (106,' num643', '1992-03-04' ,719, 64);INSERT INTO Transaction (transaction_ID, transactionNum, transactionDate, transactionType_ID, account_ID)VALUES (357,' num28', '1992-03-04' ,97, 64);INSERT INTO Transaction (transaction_ID, transactionNum, transactionDate, transactionType_ID, account_ID)VALUES (395,' num955', '1992-03-04' ,719, 64);INSERT INTO Transaction (transaction_ID, transactionNum, transactionDate, transactionType_ID, account_ID)VALUES (274,' num606', '1992-03-04' ,97, 64);INSERT INTO Transaction (transaction_ID, transactionNum, transactionDate, transactionType_ID, account_ID)VALUES (410,' num159', '1992-03-04' ,719, 64);INSERT INTO Transaction (transaction_ID, transactionNum, transactionDate, transactionType_ID, account_ID)VALUES (394,' num553', '1992-03-04' ,97, 64);INSERT INTO Transaction (transaction_ID, transactionNum, transactionDate, transactionType_ID, account_ID)VALUES (94,' num242', '1992-03-04' ,97, 64);INSERT INTO Transaction (transaction_ID, transactionNum, transactionDate, transactionType_ID, account_ID)VALUES (27,' num691', '1992-03-04' ,97, 64);INSERT INTO Transaction (transaction_ID, transactionNum, transactionDate, transactionType_ID, account_ID)VALUES (576,' num346', '1992-03-04' ,719, 64);INSERT INTO Transaction (transaction_ID, transactionNum, transactionDate, transactionType_ID, account_ID)VALUES (219,' num758', '1992-03-04' ,719, 64);INSERT INTO Transaction (transaction_ID, transactionNum, transactionDate, transactionType_ID, account_ID)VALUES (762,' num793', '1992-03-04' ,97, 64);INSERT INTO Transaction (transaction_ID, transactionNum, transactionDate, transactionType_ID, account_ID)VALUES (264,' num198', '1992-03-04' ,97, 64);INSERT INTO Transaction (transaction_ID, transactionNum, transactionDate, transactionType_ID, account_ID)VALUES (360,' num730', '1992-03-04' ,97, 64);INSERT INTO Transaction (transaction_ID, transactionNum, transactionDate, transactionType_ID, account_ID)VALUES (712,' num860', '1992-03-04' ,97, 64);INSERT INTO Transaction (transaction_ID, transactionNum, transactionDate, transactionType_ID, account_ID)VALUES (693,' num559', '1992-03-04' ,719, 64);INSERT INTO Transaction (transaction_ID, transactionNum, transactionDate, transactionType_ID, account_ID)VALUES (469,' num246', '1992-03-04' ,719, 64);INSERT INTO Transaction (transaction_ID, transactionNum, transactionDate, transactionType_ID, account_ID)VALUES (457,' num729', '1992-03-04' ,97, 64);INSERT INTO Transaction (transaction_ID, transactionNum, transactionDate, transactionType_ID, account_ID)VALUES (404,' num399', '1992-03-04' ,719, 64);INSERT INTO Transaction (transaction_ID, transactionNum, transactionDate, transactionType_ID, account_ID)VALUES (164,' num203', '1992-03-04' ,719, 64);INSERT INTO Transaction (transaction_ID, transactionNum, transactionDate, transactionType_ID, account_ID)VALUES (411,' num397', '1992-03-04' ,97, 64);INSERT INTO Transaction (transaction_ID, transactionNum, transactionDate, transactionType_ID, account_ID)VALUES (812,' num157', '1992-03-04' ,97, 64);INSERT INTO Transaction (transaction_ID, transactionNum, transactionDate, transactionType_ID, account_ID)VALUES (509,' num806', '1992-03-04' ,719, 64);INSERT INTO Transaction (transaction_ID, transactionNum, transactionDate, transactionType_ID, account_ID)VALUES (471,' num388', '1992-03-04' ,97, 64);INSERT INTO Transaction (transaction_ID, transactionNum, transactionDate, transactionType_ID, account_ID)VALUES (884,' num263', '1992-03-04' ,719, 64);INSERT INTO Transaction (transaction_ID, transactionNum, transactionDate, transactionType_ID, account_ID)VALUES (271,' num87', '1992-03-04' ,719, 64);INSERT INTO Transaction (transaction_ID, transactionNum, transactionDate, transactionType_ID, account_ID)VALUES (165,' num408', '1992-03-04' ,97, 64);INSERT INTO Transaction (transaction_ID, transactionNum, transactionDate, transactionType_ID, account_ID)VALUES (102,' num170', '1992-03-04' ,97, 64);INSERT INTO Transaction (transaction_ID, transactionNum, transactionDate, transactionType_ID, account_ID)VALUES (945,' num481', '1992-03-04' ,97, 64);INSERT INTO Transaction (transaction_ID, transactionNum, transactionDate, transactionType_ID, account_ID)VALUES (639,' num6', '1992-03-04' ,97, 64);INSERT INTO Transaction (transaction_ID, transactionNum, transactionDate, transactionType_ID, account_ID)VALUES (698,' num745', '1992-03-04' ,719, 64);INSERT INTO Transaction (transaction_ID, transactionNum, transactionDate, transactionType_ID, account_ID)VALUES (618,' num398', '1992-03-04' ,97, 64);INSERT INTO Transaction (transaction_ID, transactionNum, transactionDate, transactionType_ID, account_ID)VALUES (176,' num252', '1992-03-04' ,97, 64);INSERT INTO Transaction (transaction_ID, transactionNum, transactionDate, transactionType_ID, account_ID)VALUES (726,' num61', '1992-03-04' ,97, 64);INSERT INTO Transaction (transaction_ID, transactionNum, transactionDate, transactionType_ID, account_ID)VALUES (900,' num390', '1992-03-04' ,97, 64);INSERT INTO Transaction (transaction_ID, transactionNum, transactionDate, transactionType_ID, account_ID)VALUES (626,' num108', '1992-03-04' ,97, 64);INSERT INTO Transaction (transaction_ID, transactionNum, transactionDate, transactionType_ID, account_ID)VALUES (290,' num817', '1992-03-04' ,719, 64);INSERT INTO Transaction (transaction_ID, transactionNum, transactionDate, transactionType_ID, account_ID)VALUES (350,' num501', '1992-03-04' ,719, 64);INSERT INTO Transaction (transaction_ID, transactionNum, transactionDate, transactionType_ID, account_ID)VALUES (854,' num86', '1992-03-04' ,97, 64);INSERT INTO Transaction (transaction_ID, transactionNum, transactionDate, transactionType_ID, account_ID)VALUES (636,' num945', '1992-03-04' ,97, 64);INSERT INTO Transaction (transaction_ID, transactionNum, transactionDate, transactionType_ID, account_ID)VALUES (60,' num596', '1992-03-04' ,97, 64);INSERT INTO Transaction (transaction_ID, transactionNum, transactionDate, transactionType_ID, account_ID)VALUES (567,' num484', '1992-03-04' ,719, 64);INSERT INTO Transaction (transaction_ID, transactionNum, transactionDate, transactionType_ID, account_ID)VALUES (192,' num864', '1992-03-04' ,97, 64);INSERT INTO Transaction (transaction_ID, transactionNum, transactionDate, transactionType_ID, account_ID)VALUES (171,' num824', '1992-03-04' ,97, 64);INSERT INTO Transaction (transaction_ID, transactionNum, transactionDate, transactionType_ID, account_ID)VALUES (494,' num655', '1992-03-04' ,719, 64);INSERT INTO Transaction (transaction_ID, transactionNum, transactionDate, transactionType_ID, account_ID)VALUES (148,' num615', '1992-03-04' ,719, 162);INSERT INTO Transaction (transaction_ID, transactionNum, transactionDate, transactionType_ID, account_ID)VALUES (136,' num271', '1992-03-04' ,97, 162);INSERT INTO Transaction (transaction_ID, transactionNum, transactionDate, transactionType_ID, account_ID)VALUES (939,' num3', '1992-03-04' ,719, 162);INSERT INTO Transaction (transaction_ID, transactionNum, transactionDate, transactionType_ID, account_ID)VALUES (676,' num35', '1992-03-04' ,97, 162);INSERT INTO Transaction (transaction_ID, transactionNum, transactionDate, transactionType_ID, account_ID)VALUES (498,' num881', '1992-03-04' ,97, 162);INSERT INTO Transaction (transaction_ID, transactionNum, transactionDate, transactionType_ID, account_ID)VALUES (7,' num147', '1992-03-04' ,97, 162);INSERT INTO Transaction (transaction_ID, transactionNum, transactionDate, transactionType_ID, account_ID)VALUES (459,' num46', '1992-03-04' ,97, 162);INSERT INTO Transaction (transaction_ID, transactionNum, transactionDate, transactionType_ID, account_ID)VALUES (523,' num493', '1992-03-04' ,97, 162);INSERT INTO Transaction (transaction_ID, transactionNum, transactionDate, transactionType_ID, account_ID)VALUES (750,' num946', '1992-03-04' ,97, 162);INSERT INTO Transaction (transaction_ID, transactionNum, transactionDate, transactionType_ID, account_ID)VALUES (947,' num158', '1992-03-04' ,97, 162);INSERT INTO Transaction (transaction_ID, transactionNum, transactionDate, transactionType_ID, account_ID)VALUES (683,' num523', '1992-03-04' ,719, 162);INSERT INTO Transaction (transaction_ID, transactionNum, transactionDate, transactionType_ID, account_ID)VALUES (359,' num177', '1992-03-04' ,97, 162);INSERT INTO Transaction (transaction_ID, transactionNum, transactionDate, transactionType_ID, account_ID)VALUES (212,' num391', '1992-03-04' ,97, 162);INSERT INTO Transaction (transaction_ID, transactionNum, transactionDate, transactionType_ID, account_ID)VALUES (331,' num772', '1992-03-04' ,719, 162);INSERT INTO Transaction (transaction_ID, transactionNum, transactionDate, transactionType_ID, account_ID)VALUES (789,' num223', '1992-03-04' ,719, 162);INSERT INTO Transaction (transaction_ID, transactionNum, transactionDate, transactionType_ID, account_ID)VALUES (863,' num965', '1992-03-04' ,97, 162);INSERT INTO Transaction (transaction_ID, transactionNum, transactionDate, transactionType_ID, account_ID)VALUES (725,' num156', '1992-03-04' ,97, 162);INSERT INTO Transaction (transaction_ID, transactionNum, transactionDate, transactionType_ID, account_ID)VALUES (822,' num959', '1992-03-04' ,719, 162);INSERT INTO Transaction (transaction_ID, transactionNum, transactionDate, transactionType_ID, account_ID)VALUES (987,' num267', '1992-03-04' ,97, 162);INSERT INTO Transaction (transaction_ID, transactionNum, transactionDate, transactionType_ID, account_ID)VALUES (816,' num281', '1992-03-04' ,719, 162);INSERT INTO Transaction (transaction_ID, transactionNum, transactionDate, transactionType_ID, account_ID)VALUES (528,' num803', '1992-03-04' ,719, 162);INSERT INTO Transaction (transaction_ID, transactionNum, transactionDate, transactionType_ID, account_ID)VALUES (803,' num876', '1992-03-04' ,719, 162);INSERT INTO Transaction (transaction_ID, transactionNum, transactionDate, transactionType_ID, account_ID)VALUES (801,' num385', '1992-03-04' ,97, 162);INSERT INTO Transaction (transaction_ID, transactionNum, transactionDate, transactionType_ID, account_ID)VALUES (213,' num148', '1992-03-04' ,97, 162);INSERT INTO Transaction (transaction_ID, transactionNum, transactionDate, transactionType_ID, account_ID)VALUES (632,' num507', '1992-03-04' ,97, 162);INSERT INTO Transaction (transaction_ID, transactionNum, transactionDate, transactionType_ID, account_ID)VALUES (396,' num195', '1992-03-04' ,97, 162);INSERT INTO Transaction (transaction_ID, transactionNum, transactionDate, transactionType_ID, account_ID)VALUES (598,' num808', '1992-03-04' ,719, 162);INSERT INTO Transaction (transaction_ID, transactionNum, transactionDate, transactionType_ID, account_ID)VALUES (42,' num503', '1992-03-04' ,97, 162);INSERT INTO Transaction (transaction_ID, transactionNum, transactionDate, transactionType_ID, account_ID)VALUES (630,' num415', '1992-03-04' ,719, 162);INSERT INTO Transaction (transaction_ID, transactionNum, transactionDate, transactionType_ID, account_ID)VALUES (438,' num697', '1992-03-04' ,719, 162);INSERT INTO Transaction (transaction_ID, transactionNum, transactionDate, transactionType_ID, account_ID)VALUES (397,' num208', '1992-03-04' ,719, 162);INSERT INTO Transaction (transaction_ID, transactionNum, transactionDate, transactionType_ID, account_ID)VALUES (6,' num842', '1992-03-04' ,719, 162);INSERT INTO Transaction (transaction_ID, transactionNum, transactionDate, transactionType_ID, account_ID)VALUES (214,' num819', '1992-03-04' ,97, 162);INSERT INTO Transaction (transaction_ID, transactionNum, transactionDate, transactionType_ID, account_ID)VALUES (129,' num739', '1992-03-04' ,719, 162);INSERT INTO Transaction (transaction_ID, transactionNum, transactionDate, transactionType_ID, account_ID)VALUES (974,' num482', '1992-03-04' ,719, 162);INSERT INTO Transaction (transaction_ID, transactionNum, transactionDate, transactionType_ID, account_ID)VALUES (577,' num970', '1992-03-04' ,97, 162);INSERT INTO Transaction (transaction_ID, transactionNum, transactionDate, transactionType_ID, account_ID)VALUES (573,' num778', '1992-03-04' ,97, 162);INSERT INTO Transaction (transaction_ID, transactionNum, transactionDate, transactionType_ID, account_ID)VALUES (719,' num244', '1992-03-04' ,719, 162);INSERT INTO Transaction (transaction_ID, transactionNum, transactionDate, transactionType_ID, account_ID)VALUES (210,' num125', '1992-03-04' ,97, 162);INSERT INTO Transaction (transaction_ID, transactionNum, transactionDate, transactionType_ID, account_ID)VALUES (765,' num196', '1992-03-04' ,719, 162);INSERT INTO Transaction (transaction_ID, transactionNum, transactionDate, transactionType_ID, account_ID)VALUES (612,' num364', '1992-03-04' ,97, 162);INSERT INTO Transaction (transaction_ID, transactionNum, transactionDate, transactionType_ID, account_ID)VALUES (859,' num811', '1992-03-04' ,719, 162);INSERT INTO Transaction (transaction_ID, transactionNum, transactionDate, transactionType_ID, account_ID)VALUES (179,' num306', '1992-03-04' ,719, 162);INSERT INTO Transaction (transaction_ID, transactionNum, transactionDate, transactionType_ID, account_ID)VALUES (54,' num884', '1992-03-04' ,719, 162);INSERT INTO Transaction (transaction_ID, transactionNum, transactionDate, transactionType_ID, account_ID)VALUES (525,' num247', '1992-03-04' ,719, 162);INSERT INTO Transaction (transaction_ID, transactionNum, transactionDate, transactionType_ID, account_ID)VALUES (578,' num798', '1992-03-04' ,97, 162);INSERT INTO Transaction (transaction_ID, transactionNum, transactionDate, transactionType_ID, account_ID)VALUES (109,' num892', '1992-03-04' ,719, 162);INSERT INTO Transaction (transaction_ID, transactionNum, transactionDate, transactionType_ID, account_ID)VALUES (253,' num983', '1992-03-04' ,97, 162);INSERT INTO Transaction (transaction_ID, transactionNum, transactionDate, transactionType_ID, account_ID)VALUES (429,' num757', '1992-03-04' ,97, 162);INSERT INTO Transaction (transaction_ID, transactionNum, transactionDate, transactionType_ID, account_ID)VALUES (534,' num850', '1992-03-04' ,97, 162);INSERT INTO Transaction (transaction_ID, transactionNum, transactionDate, transactionType_ID, account_ID)VALUES (193,' num653', '1992-03-04' ,719, 162);INSERT INTO Transaction (transaction_ID, transactionNum, transactionDate, transactionType_ID, account_ID)VALUES (608,' num371', '1992-03-04' ,719, 162);INSERT INTO Transaction (transaction_ID, transactionNum, transactionDate, transactionType_ID, account_ID)VALUES (440,' num11', '1992-03-04' ,719, 162);INSERT INTO Transaction (transaction_ID, transactionNum, transactionDate, transactionType_ID, account_ID)VALUES (137,' num790', '1992-03-04' ,719, 162);INSERT INTO Transaction (transaction_ID, transactionNum, transactionDate, transactionType_ID, account_ID)VALUES (83,' num436', '1992-03-04' ,719, 162);INSERT INTO Transaction (transaction_ID, transactionNum, transactionDate, transactionType_ID, account_ID)VALUES (301,' num686', '1992-03-04' ,719, 162);INSERT INTO Transaction (transaction_ID, transactionNum, transactionDate, transactionType_ID, account_ID)VALUES (927,' num642', '1992-03-04' ,97, 162);INSERT INTO Transaction (transaction_ID, transactionNum, transactionDate, transactionType_ID, account_ID)VALUES (782,' num274', '1992-03-04' ,719, 162);INSERT INTO Transaction (transaction_ID, transactionNum, transactionDate, transactionType_ID, account_ID)VALUES (44,' num711', '1992-03-04' ,97, 162);INSERT INTO Transaction (transaction_ID, transactionNum, transactionDate, transactionType_ID, account_ID)VALUES (384,' num231', '1992-03-04' ,97, 162);INSERT INTO Transaction (transaction_ID, transactionNum, transactionDate, transactionType_ID, account_ID)VALUES (334,' num430', '1992-03-04' ,97, 162);INSERT INTO Transaction (transaction_ID, transactionNum, transactionDate, transactionType_ID, account_ID)VALUES (946,' num209', '1992-03-04' ,719, 162);INSERT INTO Transaction (transaction_ID, transactionNum, transactionDate, transactionType_ID, account_ID)VALUES (265,' num53', '1992-03-04' ,97, 162);INSERT INTO Transaction (transaction_ID, transactionNum, transactionDate, transactionType_ID, account_ID)VALUES (373,' num992', '1992-03-04' ,97, 162);INSERT INTO Transaction (transaction_ID, transactionNum, transactionDate, transactionType_ID, account_ID)VALUES (650,' num89', '1992-03-04' ,97, 162);INSERT INTO Transaction (transaction_ID, transactionNum, transactionDate, transactionType_ID, account_ID)VALUES (926,' num950', '1992-03-04' ,97, 162);INSERT INTO Transaction (transaction_ID, transactionNum, transactionDate, transactionType_ID, account_ID)VALUES (255,' num260', '1992-03-04' ,97, 162);INSERT INTO Transaction (transaction_ID, transactionNum, transactionDate, transactionType_ID, account_ID)VALUES (961,' num10', '1992-03-04' ,97, 162);INSERT INTO Transaction (transaction_ID, transactionNum, transactionDate, transactionType_ID, account_ID)VALUES (401,' num354', '1992-03-04' ,97, 162);INSERT INTO Transaction (transaction_ID, transactionNum, transactionDate, transactionType_ID, account_ID)VALUES (9,' num611', '1992-03-04' ,719, 162);INSERT INTO Transaction (transaction_ID, transactionNum, transactionDate, transactionType_ID, account_ID)VALUES (199,' num279', '1992-03-04' ,97, 162);INSERT INTO Transaction (transaction_ID, transactionNum, transactionDate, transactionType_ID, account_ID)VALUES (5,' num233', '1992-03-04' ,97, 162);INSERT INTO Transaction (transaction_ID, transactionNum, transactionDate, transactionType_ID, account_ID)VALUES (874,' num70', '1992-03-04' ,97, 162);INSERT INTO Transaction (transaction_ID, transactionNum, transactionDate, transactionType_ID, account_ID)VALUES (202,' num837', '1992-03-04' ,97, 162);INSERT INTO Transaction (transaction_ID, transactionNum, transactionDate, transactionType_ID, account_ID)VALUES (595,' num547', '1992-03-04' ,97, 162);INSERT INTO Transaction (transaction_ID, transactionNum, transactionDate, transactionType_ID, account_ID)VALUES (285,' num630', '1992-03-04' ,97, 162);INSERT INTO Transaction (transaction_ID, transactionNum, transactionDate, transactionType_ID, account_ID)VALUES (638,' num616', '1992-03-04' ,97, 162);INSERT INTO Transaction (transaction_ID, transactionNum, transactionDate, transactionType_ID, account_ID)VALUES (755,' num703', '1992-03-04' ,719, 162);INSERT INTO Transaction (transaction_ID, transactionNum, transactionDate, transactionType_ID, account_ID)VALUES (139,' num783', '1992-03-04' ,97, 162);INSERT INTO Transaction (transaction_ID, transactionNum, transactionDate, transactionType_ID, account_ID)VALUES (505,' num664', '1992-03-04' ,719, 162);INSERT INTO Transaction (transaction_ID, transactionNum, transactionDate, transactionType_ID, account_ID)VALUES (647,' num849', '1992-03-04' ,97, 162);INSERT INTO Transaction (transaction_ID, transactionNum, transactionDate, transactionType_ID, account_ID)VALUES (158,' num579', '1992-03-04' ,719, 162);INSERT INTO Transaction (transaction_ID, transactionNum, transactionDate, transactionType_ID, account_ID)VALUES (302,' num514', '1992-03-04' ,719, 162);INSERT INTO Transaction (transaction_ID, transactionNum, transactionDate, transactionType_ID, account_ID)VALUES (172,' num991', '1992-03-04' ,97, 162);INSERT INTO Transaction (transaction_ID, transactionNum, transactionDate, transactionType_ID, account_ID)VALUES (23,' num30', '1992-03-04' ,719, 162);INSERT INTO Transaction (transaction_ID, transactionNum, transactionDate, transactionType_ID, account_ID)VALUES (978,' num649', '1992-03-04' ,719, 162);INSERT INTO Transaction (transaction_ID, transactionNum, transactionDate, transactionType_ID, account_ID)VALUES (492,' num456', '1992-03-04' ,97, 162);INSERT INTO Transaction (transaction_ID, transactionNum, transactionDate, transactionType_ID, account_ID)VALUES (239,' num628', '1992-03-04' ,719, 162);INSERT INTO Transaction (transaction_ID, transactionNum, transactionDate, transactionType_ID, account_ID)VALUES (736,' num58', '1992-03-04' ,719, 162);INSERT INTO Transaction (transaction_ID, transactionNum, transactionDate, transactionType_ID, account_ID)VALUES (983,' num671', '1992-03-04' ,97, 162);INSERT INTO Transaction (transaction_ID, transactionNum, transactionDate, transactionType_ID, account_ID)VALUES (793,' num527', '1992-03-04' ,719, 162);INSERT INTO Transaction (transaction_ID, transactionNum, transactionDate, transactionType_ID, account_ID)VALUES (662,' num828', '1992-03-04' ,719, 162);INSERT INTO Transaction (transaction_ID, transactionNum, transactionDate, transactionType_ID, account_ID)VALUES (229,' num844', '1992-03-04' ,719, 162);INSERT INTO Transaction (transaction_ID, transactionNum, transactionDate, transactionType_ID, account_ID)VALUES (607,' num116', '1992-03-04' ,97, 162);INSERT INTO Transaction (transaction_ID, transactionNum, transactionDate, transactionType_ID, account_ID)VALUES (292,' num318', '1992-03-04' ,97, 162);INSERT INTO Transaction (transaction_ID, transactionNum, transactionDate, transactionType_ID, account_ID)VALUES (587,' num984', '1992-03-04' ,719, 82);INSERT INTO Transaction (transaction_ID, transactionNum, transactionDate, transactionType_ID, account_ID)VALUES (46,' num920', '1992-03-04' ,719, 82);INSERT INTO Transaction (transaction_ID, transactionNum, transactionDate, transactionType_ID, account_ID)VALUES (260,' num347', '1992-03-04' ,97, 82);INSERT INTO Transaction (transaction_ID, transactionNum, transactionDate, transactionType_ID, account_ID)VALUES (580,' num103', '1992-03-04' ,97, 82);INSERT INTO Transaction (transaction_ID, transactionNum, transactionDate, transactionType_ID, account_ID)VALUES (304,' num166', '1992-03-04' ,719, 82);INSERT INTO Transaction (transaction_ID, transactionNum, transactionDate, transactionType_ID, account_ID)VALUES (398,' num134', '1992-03-04' ,719, 82);INSERT INTO Transaction (transaction_ID, transactionNum, transactionDate, transactionType_ID, account_ID)VALUES (844,' num228', '1992-03-04' ,97, 82);INSERT INTO Transaction (transaction_ID, transactionNum, transactionDate, transactionType_ID, account_ID)VALUES (446,' num580', '1992-03-04' ,97, 82);INSERT INTO Transaction (transaction_ID, transactionNum, transactionDate, transactionType_ID, account_ID)VALUES (552,' num365', '1992-03-04' ,97, 82);INSERT INTO Transaction (transaction_ID, transactionNum, transactionDate, transactionType_ID, account_ID)VALUES (388,' num769', '1992-03-04' ,97, 82);INSERT INTO Transaction (transaction_ID, transactionNum, transactionDate, transactionType_ID, account_ID)VALUES (153,' num818', '1992-03-04' ,719, 82);INSERT INTO Transaction (transaction_ID, transactionNum, transactionDate, transactionType_ID, account_ID)VALUES (248,' num494', '1992-03-04' ,719, 82);INSERT INTO Transaction (transaction_ID, transactionNum, transactionDate, transactionType_ID, account_ID)VALUES (425,' num904', '1992-03-04' ,719, 82);INSERT INTO Transaction (transaction_ID, transactionNum, transactionDate, transactionType_ID, account_ID)VALUES (579,' num618', '1992-03-04' ,719, 82);INSERT INTO Transaction (transaction_ID, transactionNum, transactionDate, transactionType_ID, account_ID)VALUES (368,' num719', '1992-03-04' ,97, 82);INSERT INTO Transaction (transaction_ID, transactionNum, transactionDate, transactionType_ID, account_ID)VALUES (954,' num251', '1992-03-04' ,719, 82);INSERT INTO Transaction (transaction_ID, transactionNum, transactionDate, transactionType_ID, account_ID)VALUES (183,' num293', '1992-03-04' ,719, 82);INSERT INTO Transaction (transaction_ID, transactionNum, transactionDate, transactionType_ID, account_ID)VALUES (564,' num314', '1992-03-04' ,719, 82);INSERT INTO Transaction (transaction_ID, transactionNum, transactionDate, transactionType_ID, account_ID)VALUES (923,' num563', '1992-03-04' ,719, 82);INSERT INTO Transaction (transaction_ID, transactionNum, transactionDate, transactionType_ID, account_ID)VALUES (323,' num324', '1992-03-04' ,97, 82);INSERT INTO Transaction (transaction_ID, transactionNum, transactionDate, transactionType_ID, account_ID)VALUES (78,' num149', '1992-03-04' ,719, 82);INSERT INTO Transaction (transaction_ID, transactionNum, transactionDate, transactionType_ID, account_ID)VALUES (462,' num928', '1992-03-04' ,719, 82);INSERT INTO Transaction (transaction_ID, transactionNum, transactionDate, transactionType_ID, account_ID)VALUES (673,' num868', '1992-03-04' ,97, 82);INSERT INTO Transaction (transaction_ID, transactionNum, transactionDate, transactionType_ID, account_ID)VALUES (108,' num701', '1992-03-04' ,719, 82);INSERT INTO Transaction (transaction_ID, transactionNum, transactionDate, transactionType_ID, account_ID)VALUES (949,' num898', '1992-03-04' ,97, 82);INSERT INTO Transaction (transaction_ID, transactionNum, transactionDate, transactionType_ID, account_ID)VALUES (510,' num931', '1992-03-04' ,97, 82);INSERT INTO Transaction (transaction_ID, transactionNum, transactionDate, transactionType_ID, account_ID)VALUES (315,' num894', '1992-03-04' ,97, 82);INSERT INTO Transaction (transaction_ID, transactionNum, transactionDate, transactionType_ID, account_ID)VALUES (610,' num12', '1992-03-04' ,97, 82);INSERT INTO Transaction (transaction_ID, transactionNum, transactionDate, transactionType_ID, account_ID)VALUES (204,' num518', '1992-03-04' ,719, 82);INSERT INTO Transaction (transaction_ID, transactionNum, transactionDate, transactionType_ID, account_ID)VALUES (134,' num1', '1992-03-04' ,97, 82);INSERT INTO Transaction (transaction_ID, transactionNum, transactionDate, transactionType_ID, account_ID)VALUES (648,' num891', '1992-03-04' ,719, 82);INSERT INTO Transaction (transaction_ID, transactionNum, transactionDate, transactionType_ID, account_ID)VALUES (656,' num770', '1992-03-04' ,719, 82);INSERT INTO Transaction (transaction_ID, transactionNum, transactionDate, transactionType_ID, account_ID)VALUES (287,' num794', '1992-03-04' ,97, 82);INSERT INTO Transaction (transaction_ID, transactionNum, transactionDate, transactionType_ID, account_ID)VALUES (572,' num386', '1992-03-04' ,719, 82);INSERT INTO Transaction (transaction_ID, transactionNum, transactionDate, transactionType_ID, account_ID)VALUES (877,' num49', '1992-03-04' ,719, 82);INSERT INTO Transaction (transaction_ID, transactionNum, transactionDate, transactionType_ID, account_ID)VALUES (920,' num672', '1992-03-04' ,719, 82);INSERT INTO Transaction (transaction_ID, transactionNum, transactionDate, transactionType_ID, account_ID)VALUES (828,' num747', '1992-03-04' ,97, 82);INSERT INTO Transaction (transaction_ID, transactionNum, transactionDate, transactionType_ID, account_ID)VALUES (555,' num840', '1992-03-04' ,97, 82);INSERT INTO Transaction (transaction_ID, transactionNum, transactionDate, transactionType_ID, account_ID)VALUES (708,' num121', '1992-03-04' ,719, 82);INSERT INTO Transaction (transaction_ID, transactionNum, transactionDate, transactionType_ID, account_ID)VALUES (58,' num179', '1992-03-04' ,719, 82);INSERT INTO Transaction (transaction_ID, transactionNum, transactionDate, transactionType_ID, account_ID)VALUES (485,' num320', '1992-03-04' ,97, 82);INSERT INTO Transaction (transaction_ID, transactionNum, transactionDate, transactionType_ID, account_ID)VALUES (328,' num339', '1992-03-04' ,719, 82);INSERT INTO Transaction (transaction_ID, transactionNum, transactionDate, transactionType_ID, account_ID)VALUES (2,' num566', '1992-03-04' ,719, 82);INSERT INTO Transaction (transaction_ID, transactionNum, transactionDate, transactionType_ID, account_ID)VALUES (99,' num341', '1992-03-04' ,719, 82);INSERT INTO Transaction (transaction_ID, transactionNum, transactionDate, transactionType_ID, account_ID)VALUES (84,' num440', '1992-03-04' ,719, 82);INSERT INTO Transaction (transaction_ID, transactionNum, transactionDate, transactionType_ID, account_ID)VALUES (149,' num319', '1992-03-04' ,97, 82);INSERT INTO Transaction (transaction_ID, transactionNum, transactionDate, transactionType_ID, account_ID)VALUES (730,' num500', '1992-03-04' ,97, 82);INSERT INTO Transaction (transaction_ID, transactionNum, transactionDate, transactionType_ID, account_ID)VALUES (400,' num276', '1992-03-04' ,719, 82);INSERT INTO Transaction (transaction_ID, transactionNum, transactionDate, transactionType_ID, account_ID)VALUES (839,' num457', '1992-03-04' ,719, 82);INSERT INTO Transaction (transaction_ID, transactionNum, transactionDate, transactionType_ID, account_ID)VALUES (842,' num603', '1992-03-04' ,719, 82);INSERT INTO Transaction (transaction_ID, transactionNum, transactionDate, transactionType_ID, account_ID)VALUES (818,' num269', '1992-03-04' ,97, 82);INSERT INTO Transaction (transaction_ID, transactionNum, transactionDate, transactionType_ID, account_ID)VALUES (49,' num22', '1992-03-04' ,97, 82);INSERT INTO Transaction (transaction_ID, transactionNum, transactionDate, transactionType_ID, account_ID)VALUES (309,' num564', '1992-03-04' ,719, 82);INSERT INTO Transaction (transaction_ID, transactionNum, transactionDate, transactionType_ID, account_ID)VALUES (465,' num389', '1992-03-04' ,97, 82);INSERT INTO Transaction (transaction_ID, transactionNum, transactionDate, transactionType_ID, account_ID)VALUES (205,' num458', '1992-03-04' ,97, 82);INSERT INTO Transaction (transaction_ID, transactionNum, transactionDate, transactionType_ID, account_ID)VALUES (713,' num549', '1992-03-04' ,719, 82);INSERT INTO Transaction (transaction_ID, transactionNum, transactionDate, transactionType_ID, account_ID)VALUES (130,' num852', '1992-03-04' ,719, 82);INSERT INTO Transaction (transaction_ID, transactionNum, transactionDate, transactionType_ID, account_ID)VALUES (749,' num968', '1992-03-04' ,97, 82);INSERT INTO Transaction (transaction_ID, transactionNum, transactionDate, transactionType_ID, account_ID)VALUES (672,' num715', '1992-03-04' ,719, 82);INSERT INTO Transaction (transaction_ID, transactionNum, transactionDate, transactionType_ID, account_ID)VALUES (717,' num845', '1992-03-04' ,719, 82);INSERT INTO Transaction (transaction_ID, transactionNum, transactionDate, transactionType_ID, account_ID)VALUES (336,' num832', '1992-03-04' ,97, 82);INSERT INTO Transaction (transaction_ID, transactionNum, transactionDate, transactionType_ID, account_ID)VALUES (166,' num731', '1992-03-04' ,719, 82);INSERT INTO Transaction (transaction_ID, transactionNum, transactionDate, transactionType_ID, account_ID)VALUES (329,' num54', '1992-03-04' ,97, 82);INSERT INTO Transaction (transaction_ID, transactionNum, transactionDate, transactionType_ID, account_ID)VALUES (850,' num851', '1992-03-04' ,97, 82);INSERT INTO Transaction (transaction_ID, transactionNum, transactionDate, transactionType_ID, account_ID)VALUES (435,' num632', '1992-03-04' ,97, 82);INSERT INTO Transaction (transaction_ID, transactionNum, transactionDate, transactionType_ID, account_ID)VALUES (722,' num169', '1992-03-04' ,97, 82);INSERT INTO Transaction (transaction_ID, transactionNum, transactionDate, transactionType_ID, account_ID)VALUES (686,' num265', '1992-03-04' ,719, 82);INSERT INTO Transaction (transaction_ID, transactionNum, transactionDate, transactionType_ID, account_ID)VALUES (915,' num167', '1992-03-04' ,97, 82);INSERT INTO Transaction (transaction_ID, transactionNum, transactionDate, transactionType_ID, account_ID)VALUES (977,' num526', '1992-03-04' ,719, 82);INSERT INTO Transaction (transaction_ID, transactionNum, transactionDate, transactionType_ID, account_ID)VALUES (470,' num39', '1992-03-04' ,719, 82);INSERT INTO Transaction (transaction_ID, transactionNum, transactionDate, transactionType_ID, account_ID)VALUES (245,' num988', '1992-03-04' ,719, 82);INSERT INTO Transaction (transaction_ID, transactionNum, transactionDate, transactionType_ID, account_ID)VALUES (786,' num237', '1992-03-04' ,719, 82);INSERT INTO Transaction (transaction_ID, transactionNum, transactionDate, transactionType_ID, account_ID)VALUES (421,' num232', '1992-03-04' ,719, 82);INSERT INTO Transaction (transaction_ID, transactionNum, transactionDate, transactionType_ID, account_ID)VALUES (696,' num716', '1992-03-04' ,97, 82);INSERT INTO Transaction (transaction_ID, transactionNum, transactionDate, transactionType_ID, account_ID)VALUES (456,' num74', '1992-03-04' ,97, 82);INSERT INTO Transaction (transaction_ID, transactionNum, transactionDate, transactionType_ID, account_ID)VALUES (156,' num726', '1992-03-04' ,97, 82);INSERT INTO Transaction (transaction_ID, transactionNum, transactionDate, transactionType_ID, account_ID)VALUES (833,' num777', '1992-03-04' ,719, 82);INSERT INTO Transaction (transaction_ID, transactionNum, transactionDate, transactionType_ID, account_ID)VALUES (276,' num174', '1992-03-04' ,719, 82);INSERT INTO Transaction (transaction_ID, transactionNum, transactionDate, transactionType_ID, account_ID)VALUES (660,' num404', '1992-03-04' ,97, 82);INSERT INTO Transaction (transaction_ID, transactionNum, transactionDate, transactionType_ID, account_ID)VALUES (856,' num256', '1992-03-04' ,97, 82);INSERT INTO Transaction (transaction_ID, transactionNum, transactionDate, transactionType_ID, account_ID)VALUES (520,' num349', '1992-03-04' ,719, 82);INSERT INTO Transaction (transaction_ID, transactionNum, transactionDate, transactionType_ID, account_ID)VALUES (371,' num944', '1992-03-04' ,719, 82);INSERT INTO Transaction (transaction_ID, transactionNum, transactionDate, transactionType_ID, account_ID)VALUES (671,' num954', '1992-03-04' ,97, 82);INSERT INTO Transaction (transaction_ID, transactionNum, transactionDate, transactionType_ID, account_ID)VALUES (186,' num906', '1992-03-04' ,97, 82);INSERT INTO Transaction (transaction_ID, transactionNum, transactionDate, transactionType_ID, account_ID)VALUES (791,' num138', '1992-03-04' ,97, 82);INSERT INTO Transaction (transaction_ID, transactionNum, transactionDate, transactionType_ID, account_ID)VALUES (266,' num509', '1992-03-04' ,97, 82);INSERT INTO Transaction (transaction_ID, transactionNum, transactionDate, transactionType_ID, account_ID)VALUES (934,' num874', '1992-03-04' ,97, 82);INSERT INTO Transaction (transaction_ID, transactionNum, transactionDate, transactionType_ID, account_ID)VALUES (715,' num478', '1992-03-04' ,719, 82);INSERT INTO Transaction (transaction_ID, transactionNum, transactionDate, transactionType_ID, account_ID)VALUES (804,' num479', '1992-03-04' ,97, 82);INSERT INTO Transaction (transaction_ID, transactionNum, transactionDate, transactionType_ID, account_ID)VALUES (944,' num746', '1992-03-04' ,719, 82);INSERT INTO Transaction (transaction_ID, transactionNum, transactionDate, transactionType_ID, account_ID)VALUES (67,' num690', '1992-03-04' ,97, 82);INSERT INTO Transaction (transaction_ID, transactionNum, transactionDate, transactionType_ID, account_ID)VALUES (181,' num990', '1992-03-04' ,719, 82);INSERT INTO Transaction (transaction_ID, transactionNum, transactionDate, transactionType_ID, account_ID)VALUES (764,' num224', '1992-03-04' ,97, 82);INSERT INTO Transaction (transaction_ID, transactionNum, transactionDate, transactionType_ID, account_ID)VALUES (422,' num171', '1992-03-04' ,97, 82);INSERT INTO Transaction (transaction_ID, transactionNum, transactionDate, transactionType_ID, account_ID)VALUES (702,' num593', '1992-03-04' ,719, 82);INSERT INTO Transaction (transaction_ID, transactionNum, transactionDate, transactionType_ID, account_ID)VALUES (547,' num172', '1992-03-04' ,719, 68);INSERT INTO Transaction (transaction_ID, transactionNum, transactionDate, transactionType_ID, account_ID)VALUES (860,' num59', '1992-03-04' ,97, 68);INSERT INTO Transaction (transaction_ID, transactionNum, transactionDate, transactionType_ID, account_ID)VALUES (393,' num879', '1992-03-04' ,719, 68);INSERT INTO Transaction (transaction_ID, transactionNum, transactionDate, transactionType_ID, account_ID)VALUES (63,' num702', '1992-03-04' ,97, 68);INSERT INTO Transaction (transaction_ID, transactionNum, transactionDate, transactionType_ID, account_ID)VALUES (571,' num15', '1992-03-04' ,719, 68);INSERT INTO Transaction (transaction_ID, transactionNum, transactionDate, transactionType_ID, account_ID)VALUES (1000,' num927', '1992-03-04' ,719, 68);INSERT INTO Transaction (transaction_ID, transactionNum, transactionDate, transactionType_ID, account_ID)VALUES (538,' num239', '1992-03-04' ,719, 68);INSERT INTO Transaction (transaction_ID, transactionNum, transactionDate, transactionType_ID, account_ID)VALUES (426,' num897', '1992-03-04' ,97, 68);INSERT INTO Transaction (transaction_ID, transactionNum, transactionDate, transactionType_ID, account_ID)VALUES (114,' num216', '1992-03-04' ,97, 68);INSERT INTO Transaction (transaction_ID, transactionNum, transactionDate, transactionType_ID, account_ID)VALUES (351,' num18', '1992-03-04' ,719, 68);INSERT INTO Transaction (transaction_ID, transactionNum, transactionDate, transactionType_ID, account_ID)VALUES (943,' num760', '1992-03-04' ,97, 68);INSERT INTO Transaction (transaction_ID, transactionNum, transactionDate, transactionType_ID, account_ID)VALUES (448,' num26', '1992-03-04' ,719, 68);INSERT INTO Transaction (transaction_ID, transactionNum, transactionDate, transactionType_ID, account_ID)VALUES (721,' num106', '1992-03-04' ,97, 68);INSERT INTO Transaction (transaction_ID, transactionNum, transactionDate, transactionType_ID, account_ID)VALUES (511,' num788', '1992-03-04' ,97, 68);INSERT INTO Transaction (transaction_ID, transactionNum, transactionDate, transactionType_ID, account_ID)VALUES (345,' num297', '1992-03-04' ,719, 68);INSERT INTO Transaction (transaction_ID, transactionNum, transactionDate, transactionType_ID, account_ID)VALUES (484,' num740', '1992-03-04' ,97, 68);INSERT INTO Transaction (transaction_ID, transactionNum, transactionDate, transactionType_ID, account_ID)VALUES (695,' num589', '1992-03-04' ,719, 68);INSERT INTO Transaction (transaction_ID, transactionNum, transactionDate, transactionType_ID, account_ID)VALUES (120,' num767', '1992-03-04' ,719, 68);INSERT INTO Transaction (transaction_ID, transactionNum, transactionDate, transactionType_ID, account_ID)VALUES (432,' num480', '1992-03-04' ,719, 68);INSERT INTO Transaction (transaction_ID, transactionNum, transactionDate, transactionType_ID, account_ID)VALUES (163,' num496', '1992-03-04' ,97, 68);INSERT INTO Transaction (transaction_ID, transactionNum, transactionDate, transactionType_ID, account_ID)VALUES (57,' num718', '1992-03-04' ,719, 68);INSERT INTO Transaction (transaction_ID, transactionNum, transactionDate, transactionType_ID, account_ID)VALUES (464,' num550', '1992-03-04' ,719, 68);INSERT INTO Transaction (transaction_ID, transactionNum, transactionDate, transactionType_ID, account_ID)VALUES (544,' num282', '1992-03-04' ,97, 68);INSERT INTO Transaction (transaction_ID, transactionNum, transactionDate, transactionType_ID, account_ID)VALUES (112,' num902', '1992-03-04' ,97, 68);INSERT INTO Transaction (transaction_ID, transactionNum, transactionDate, transactionType_ID, account_ID)VALUES (111,' num370', '1992-03-04' ,97, 68);INSERT INTO Transaction (transaction_ID, transactionNum, transactionDate, transactionType_ID, account_ID)VALUES (778,' num973', '1992-03-04' ,719, 68);INSERT INTO Transaction (transaction_ID, transactionNum, transactionDate, transactionType_ID, account_ID)VALUES (967,' num674', '1992-03-04' ,97, 68);INSERT INTO Transaction (transaction_ID, transactionNum, transactionDate, transactionType_ID, account_ID)VALUES (428,' num754', '1992-03-04' ,97, 68);INSERT INTO Transaction (transaction_ID, transactionNum, transactionDate, transactionType_ID, account_ID)VALUES (175,' num161', '1992-03-04' ,97, 68);INSERT INTO Transaction (transaction_ID, transactionNum, transactionDate, transactionType_ID, account_ID)VALUES (68,' num331', '1992-03-04' ,97, 68);INSERT INTO Transaction (transaction_ID, transactionNum, transactionDate, transactionType_ID, account_ID)VALUES (852,' num44', '1992-03-04' ,97, 68);INSERT INTO Transaction (transaction_ID, transactionNum, transactionDate, transactionType_ID, account_ID)VALUES (267,' num916', '1992-03-04' ,97, 68);INSERT INTO Transaction (transaction_ID, transactionNum, transactionDate, transactionType_ID, account_ID)VALUES (913,' num427', '1992-03-04' ,97, 68);INSERT INTO Transaction (transaction_ID, transactionNum, transactionDate, transactionType_ID, account_ID)VALUES (39,' num417', '1992-03-04' ,97, 68);INSERT INTO Transaction (transaction_ID, transactionNum, transactionDate, transactionType_ID, account_ID)VALUES (374,' num7', '1992-03-04' ,97, 68);INSERT INTO Transaction (transaction_ID, transactionNum, transactionDate, transactionType_ID, account_ID)VALUES (574,' num827', '1992-03-04' ,97, 68);INSERT INTO Transaction (transaction_ID, transactionNum, transactionDate, transactionType_ID, account_ID)VALUES (959,' num220', '1992-03-04' ,97, 68);INSERT INTO Transaction (transaction_ID, transactionNum, transactionDate, transactionType_ID, account_ID)VALUES (70,' num684', '1992-03-04' ,719, 68);INSERT INTO Transaction (transaction_ID, transactionNum, transactionDate, transactionType_ID, account_ID)VALUES (871,' num987', '1992-03-04' ,97, 68);INSERT INTO Transaction (transaction_ID, transactionNum, transactionDate, transactionType_ID, account_ID)VALUES (590,' num847', '1992-03-04' ,97, 68);INSERT INTO Transaction (transaction_ID, transactionNum, transactionDate, transactionType_ID, account_ID)VALUES (964,' num393', '1992-03-04' ,97, 68);INSERT INTO Transaction (transaction_ID, transactionNum, transactionDate, transactionType_ID, account_ID)VALUES (449,' num241', '1992-03-04' ,97, 68);INSERT INTO Transaction (transaction_ID, transactionNum, transactionDate, transactionType_ID, account_ID)VALUES (263,' num292', '1992-03-04' ,719, 68);INSERT INTO Transaction (transaction_ID, transactionNum, transactionDate, transactionType_ID, account_ID)VALUES (467,' num665', '1992-03-04' ,97, 68);INSERT INTO Transaction (transaction_ID, transactionNum, transactionDate, transactionType_ID, account_ID)VALUES (206,' num245', '1992-03-04' ,719, 68);INSERT INTO Transaction (transaction_ID, transactionNum, transactionDate, transactionType_ID, account_ID)VALUES (644,' num308', '1992-03-04' ,719, 68);INSERT INTO Transaction (transaction_ID, transactionNum, transactionDate, transactionType_ID, account_ID)VALUES (48,' num311', '1992-03-04' ,719, 68);INSERT INTO Transaction (transaction_ID, transactionNum, transactionDate, transactionType_ID, account_ID)VALUES (746,' num303', '1992-03-04' ,97, 68);INSERT INTO Transaction (transaction_ID, transactionNum, transactionDate, transactionType_ID, account_ID)VALUES (38,' num810', '1992-03-04' ,719, 68);INSERT INTO Transaction (transaction_ID, transactionNum, transactionDate, transactionType_ID, account_ID)VALUES (628,' num614', '1992-03-04' ,97, 68);INSERT INTO Transaction (transaction_ID, transactionNum, transactionDate, transactionType_ID, account_ID)VALUES (123,' num625', '1992-03-04' ,719, 68);INSERT INTO Transaction (transaction_ID, transactionNum, transactionDate, transactionType_ID, account_ID)VALUES (739,' num607', '1992-03-04' ,719, 68);INSERT INTO Transaction (transaction_ID, transactionNum, transactionDate, transactionType_ID, account_ID)VALUES (823,' num689', '1992-03-04' ,719, 68);INSERT INTO Transaction (transaction_ID, transactionNum, transactionDate, transactionType_ID, account_ID)VALUES (774,' num392', '1992-03-04' ,97, 68);INSERT INTO Transaction (transaction_ID, transactionNum, transactionDate, transactionType_ID, account_ID)VALUES (857,' num960', '1992-03-04' ,719, 68);INSERT INTO Transaction (transaction_ID, transactionNum, transactionDate, transactionType_ID, account_ID)VALUES (306,' num348', '1992-03-04' ,97, 68);INSERT INTO Transaction (transaction_ID, transactionNum, transactionDate, transactionType_ID, account_ID)VALUES (940,' num989', '1992-03-04' ,97, 68);INSERT INTO Transaction (transaction_ID, transactionNum, transactionDate, transactionType_ID, account_ID)VALUES (838,' num804', '1992-03-04' ,719, 68);INSERT INTO Transaction (transaction_ID, transactionNum, transactionDate, transactionType_ID, account_ID)VALUES (272,' num905', '1992-03-04' ,719, 68);INSERT INTO Transaction (transaction_ID, transactionNum, transactionDate, transactionType_ID, account_ID)VALUES (627,' num420', '1992-03-04' ,97, 68);INSERT INTO Transaction (transaction_ID, transactionNum, transactionDate, transactionType_ID, account_ID)VALUES (526,' num66', '1992-03-04' ,719, 68);INSERT INTO Transaction (transaction_ID, transactionNum, transactionDate, transactionType_ID, account_ID)VALUES (250,' num163', '1992-03-04' ,719, 68);INSERT INTO Transaction (transaction_ID, transactionNum, transactionDate, transactionType_ID, account_ID)VALUES (651,' num175', '1992-03-04' ,719, 68);INSERT INTO Transaction (transaction_ID, transactionNum, transactionDate, transactionType_ID, account_ID)VALUES (728,' num375', '1992-03-04' ,719, 68);INSERT INTO Transaction (transaction_ID, transactionNum, transactionDate, transactionType_ID, account_ID)VALUES (327,' num193', '1992-03-04' ,97, 68);INSERT INTO Transaction (transaction_ID, transactionNum, transactionDate, transactionType_ID, account_ID)VALUES (321,' num813', '1992-03-04' ,97, 68);INSERT INTO Transaction (transaction_ID, transactionNum, transactionDate, transactionType_ID, account_ID)VALUES (999,' num936', '1992-03-04' ,719, 68);INSERT INTO Transaction (transaction_ID, transactionNum, transactionDate, transactionType_ID, account_ID)VALUES (479,' num184', '1992-03-04' ,97, 68);INSERT INTO Transaction (transaction_ID, transactionNum, transactionDate, transactionType_ID, account_ID)VALUES (851,' num637', '1992-03-04' ,97, 68);INSERT INTO Transaction (transaction_ID, transactionNum, transactionDate, transactionType_ID, account_ID)VALUES (950,' num312', '1992-03-04' ,719, 68);INSERT INTO Transaction (transaction_ID, transactionNum, transactionDate, transactionType_ID, account_ID)VALUES (55,' num617', '1992-03-04' ,97, 68);INSERT INTO Transaction (transaction_ID, transactionNum, transactionDate, transactionType_ID, account_ID)VALUES (367,' num304', '1992-03-04' ,719, 68);INSERT INTO Transaction (transaction_ID, transactionNum, transactionDate, transactionType_ID, account_ID)VALUES (342,' num554', '1992-03-04' ,97, 68);INSERT INTO Transaction (transaction_ID, transactionNum, transactionDate, transactionType_ID, account_ID)VALUES (246,' num750', '1992-03-04' ,719, 68);INSERT INTO Transaction (transaction_ID, transactionNum, transactionDate, transactionType_ID, account_ID)VALUES (616,' num706', '1992-03-04' ,719, 68);INSERT INTO Transaction (transaction_ID, transactionNum, transactionDate, transactionType_ID, account_ID)VALUES (340,' num678', '1992-03-04' ,97, 68);INSERT INTO Transaction (transaction_ID, transactionNum, transactionDate, transactionType_ID, account_ID)VALUES (476,' num130', '1992-03-04' ,97, 68);INSERT INTO Transaction (transaction_ID, transactionNum, transactionDate, transactionType_ID, account_ID)VALUES (521,' num191', '1992-03-04' ,719, 68);INSERT INTO Transaction (transaction_ID, transactionNum, transactionDate, transactionType_ID, account_ID)VALUES (811,' num714', '1992-03-04' ,719, 68);INSERT INTO Transaction (transaction_ID, transactionNum, transactionDate, transactionType_ID, account_ID)VALUES (542,' num551', '1992-03-04' ,719, 68);INSERT INTO Transaction (transaction_ID, transactionNum, transactionDate, transactionType_ID, account_ID)VALUES (50,' num474', '1992-03-04' ,97, 68);INSERT INTO Transaction (transaction_ID, transactionNum, transactionDate, transactionType_ID, account_ID)VALUES (840,' num145', '1992-03-04' ,719, 68);INSERT INTO Transaction (transaction_ID, transactionNum, transactionDate, transactionType_ID, account_ID)VALUES (798,' num337', '1992-03-04' ,719, 68);INSERT INTO Transaction (transaction_ID, transactionNum, transactionDate, transactionType_ID, account_ID)VALUES (89,' num188', '1992-03-04' ,719, 68);INSERT INTO Transaction (transaction_ID, transactionNum, transactionDate, transactionType_ID, account_ID)VALUES (225,' num742', '1992-03-04' ,97, 68);INSERT INTO Transaction (transaction_ID, transactionNum, transactionDate, transactionType_ID, account_ID)VALUES (59,' num977', '1992-03-04' ,719, 68);INSERT INTO Transaction (transaction_ID, transactionNum, transactionDate, transactionType_ID, account_ID)VALUES (889,' num181', '1992-03-04' ,97, 68);INSERT INTO Transaction (transaction_ID, transactionNum, transactionDate, transactionType_ID, account_ID)VALUES (380,' num313', '1992-03-04' ,719, 68);INSERT INTO Transaction (transaction_ID, transactionNum, transactionDate, transactionType_ID, account_ID)VALUES (882,' num893', '1992-03-04' ,97, 68);INSERT INTO Transaction (transaction_ID, transactionNum, transactionDate, transactionType_ID, account_ID)VALUES (905,' num585', '1992-03-04' ,719, 68);INSERT INTO Transaction (transaction_ID, transactionNum, transactionDate, transactionType_ID, account_ID)VALUES (887,' num613', '1992-03-04' ,97, 68);INSERT INTO Transaction (transaction_ID, transactionNum, transactionDate, transactionType_ID, account_ID)VALUES (758,' num530', '1992-03-04' ,719, 68);INSERT INTO Transaction (transaction_ID, transactionNum, transactionDate, transactionType_ID, account_ID)VALUES (284,' num942', '1992-03-04' ,719, 68);INSERT INTO Transaction (transaction_ID, transactionNum, transactionDate, transactionType_ID, account_ID)VALUES (760,' num502', '1992-03-04' ,719, 68);INSERT INTO Transaction (transaction_ID, transactionNum, transactionDate, transactionType_ID, account_ID)VALUES (185,' num538', '1992-03-04' ,97, 68);INSERT INTO Transaction (transaction_ID, transactionNum, transactionDate, transactionType_ID, account_ID)VALUES (529,' num532', '1992-03-04' ,97, 38);INSERT INTO Transaction (transaction_ID, transactionNum, transactionDate, transactionType_ID, account_ID)VALUES (906,' num350', '1992-03-04' ,719, 38);INSERT INTO Transaction (transaction_ID, transactionNum, transactionDate, transactionType_ID, account_ID)VALUES (847,' num499', '1992-03-04' ,97, 38);INSERT INTO Transaction (transaction_ID, transactionNum, transactionDate, transactionType_ID, account_ID)VALUES (620,' num88', '1992-03-04' ,719, 38);INSERT INTO Transaction (transaction_ID, transactionNum, transactionDate, transactionType_ID, account_ID)VALUES (424,' num459', '1992-03-04' ,97, 38);INSERT INTO Transaction (transaction_ID, transactionNum, transactionDate, transactionType_ID, account_ID)VALUES (657,' num717', '1992-03-04' ,97, 38);INSERT INTO Transaction (transaction_ID, transactionNum, transactionDate, transactionType_ID, account_ID)VALUES (669,' num131', '1992-03-04' ,719, 38);INSERT INTO Transaction (transaction_ID, transactionNum, transactionDate, transactionType_ID, account_ID)VALUES (904,' num953', '1992-03-04' ,719, 38);INSERT INTO Transaction (transaction_ID, transactionNum, transactionDate, transactionType_ID, account_ID)VALUES (451,' num597', '1992-03-04' ,97, 38);INSERT INTO Transaction (transaction_ID, transactionNum, transactionDate, transactionType_ID, account_ID)VALUES (33,' num37', '1992-03-04' ,719, 38);INSERT INTO Transaction (transaction_ID, transactionNum, transactionDate, transactionType_ID, account_ID)VALUES (615,' num326', '1992-03-04' ,719, 38);INSERT INTO Transaction (transaction_ID, transactionNum, transactionDate, transactionType_ID, account_ID)VALUES (885,' num487', '1992-03-04' ,97, 38);INSERT INTO Transaction (transaction_ID, transactionNum, transactionDate, transactionType_ID, account_ID)VALUES (560,' num101', '1992-03-04' ,97, 38);INSERT INTO Transaction (transaction_ID, transactionNum, transactionDate, transactionType_ID, account_ID)VALUES (133,' num316', '1992-03-04' ,719, 38);INSERT INTO Transaction (transaction_ID, transactionNum, transactionDate, transactionType_ID, account_ID)VALUES (873,' num36', '1992-03-04' ,97, 38);INSERT INTO Transaction (transaction_ID, transactionNum, transactionDate, transactionType_ID, account_ID)VALUES (772,' num700', '1992-03-04' ,97, 38);INSERT INTO Transaction (transaction_ID, transactionNum, transactionDate, transactionType_ID, account_ID)VALUES (24,' num355', '1992-03-04' ,719, 38);INSERT INTO Transaction (transaction_ID, transactionNum, transactionDate, transactionType_ID, account_ID)VALUES (324,' num862', '1992-03-04' ,97, 38);INSERT INTO Transaction (transaction_ID, transactionNum, transactionDate, transactionType_ID, account_ID)VALUES (997,' num95', '1992-03-04' ,97, 38);INSERT INTO Transaction (transaction_ID, transactionNum, transactionDate, transactionType_ID, account_ID)VALUES (1,' num913', '1992-03-04' ,97, 38);INSERT INTO Transaction (transaction_ID, transactionNum, transactionDate, transactionType_ID, account_ID)VALUES (724,' num791', '1992-03-04' ,719, 38);INSERT INTO Transaction (transaction_ID, transactionNum, transactionDate, transactionType_ID, account_ID)VALUES (569,' num836', '1992-03-04' ,719, 38);INSERT INTO Transaction (transaction_ID, transactionNum, transactionDate, transactionType_ID, account_ID)VALUES (434,' num720', '1992-03-04' ,97, 38);INSERT INTO Transaction (transaction_ID, transactionNum, transactionDate, transactionType_ID, account_ID)VALUES (127,' num732', '1992-03-04' ,719, 38);INSERT INTO Transaction (transaction_ID, transactionNum, transactionDate, transactionType_ID, account_ID)VALUES (151,' num952', '1992-03-04' ,97, 38);INSERT INTO Transaction (transaction_ID, transactionNum, transactionDate, transactionType_ID, account_ID)VALUES (147,' num934', '1992-03-04' ,97, 38);INSERT INTO Transaction (transaction_ID, transactionNum, transactionDate, transactionType_ID, account_ID)VALUES (256,' num412', '1992-03-04' ,719, 38);INSERT INTO Transaction (transaction_ID, transactionNum, transactionDate, transactionType_ID, account_ID)VALUES (807,' num43', '1992-03-04' ,97, 38);INSERT INTO Transaction (transaction_ID, transactionNum, transactionDate, transactionType_ID, account_ID)VALUES (369,' num104', '1992-03-04' ,97, 38);INSERT INTO Transaction (transaction_ID, transactionNum, transactionDate, transactionType_ID, account_ID)VALUES (855,' num153', '1992-03-04' ,97, 38);INSERT INTO Transaction (transaction_ID, transactionNum, transactionDate, transactionType_ID, account_ID)VALUES (797,' num859', '1992-03-04' ,97, 38);INSERT INTO Transaction (transaction_ID, transactionNum, transactionDate, transactionType_ID, account_ID)VALUES (198,' num438', '1992-03-04' ,719, 38);INSERT INTO Transaction (transaction_ID, transactionNum, transactionDate, transactionType_ID, account_ID)VALUES (353,' num708', '1992-03-04' ,97, 38);INSERT INTO Transaction (transaction_ID, transactionNum, transactionDate, transactionType_ID, account_ID)VALUES (453,' num52', '1992-03-04' ,97, 38);INSERT INTO Transaction (transaction_ID, transactionNum, transactionDate, transactionType_ID, account_ID)VALUES (238,' num221', '1992-03-04' ,97, 38);INSERT INTO Transaction (transaction_ID, transactionNum, transactionDate, transactionType_ID, account_ID)VALUES (723,' num880', '1992-03-04' ,719, 38);INSERT INTO Transaction (transaction_ID, transactionNum, transactionDate, transactionType_ID, account_ID)VALUES (372,' num41', '1992-03-04' ,719, 38);INSERT INTO Transaction (transaction_ID, transactionNum, transactionDate, transactionType_ID, account_ID)VALUES (100,' num453', '1992-03-04' ,97, 38);INSERT INTO Transaction (transaction_ID, transactionNum, transactionDate, transactionType_ID, account_ID)VALUES (155,' num275', '1992-03-04' ,719, 38);INSERT INTO Transaction (transaction_ID, transactionNum, transactionDate, transactionType_ID, account_ID)VALUES (513,' num966', '1992-03-04' ,97, 38);INSERT INTO Transaction (transaction_ID, transactionNum, transactionDate, transactionType_ID, account_ID)VALUES (10,' num775', '1992-03-04' ,97, 38);INSERT INTO Transaction (transaction_ID, transactionNum, transactionDate, transactionType_ID, account_ID)VALUES (291,' num602', '1992-03-04' ,719, 38);INSERT INTO Transaction (transaction_ID, transactionNum, transactionDate, transactionType_ID, account_ID)VALUES (597,' num512', '1992-03-04' ,719, 38);INSERT INTO Transaction (transaction_ID, transactionNum, transactionDate, transactionType_ID, account_ID)VALUES (66,' num129', '1992-03-04' ,97, 38);INSERT INTO Transaction (transaction_ID, transactionNum, transactionDate, transactionType_ID, account_ID)VALUES (35,' num377', '1992-03-04' ,719, 38);INSERT INTO Transaction (transaction_ID, transactionNum, transactionDate, transactionType_ID, account_ID)VALUES (486,' num441', '1992-03-04' ,719, 38);INSERT INTO Transaction (transaction_ID, transactionNum, transactionDate, transactionType_ID, account_ID)VALUES (886,' num724', '1992-03-04' ,97, 38);INSERT INTO Transaction (transaction_ID, transactionNum, transactionDate, transactionType_ID, account_ID)VALUES (996,' num875', '1992-03-04' ,97, 38);INSERT INTO Transaction (transaction_ID, transactionNum, transactionDate, transactionType_ID, account_ID)VALUES (103,' num384', '1992-03-04' ,97, 38);INSERT INTO Transaction (transaction_ID, transactionNum, transactionDate, transactionType_ID, account_ID)VALUES (135,' num766', '1992-03-04' ,719, 38);INSERT INTO Transaction (transaction_ID, transactionNum, transactionDate, transactionType_ID, account_ID)VALUES (779,' num249', '1992-03-04' ,97, 38);INSERT INTO Transaction (transaction_ID, transactionNum, transactionDate, transactionType_ID, account_ID)VALUES (450,' num94', '1992-03-04' ,97, 38);INSERT INTO Transaction (transaction_ID, transactionNum, transactionDate, transactionType_ID, account_ID)VALUES (654,' num654', '1992-03-04' ,97, 38);INSERT INTO Transaction (transaction_ID, transactionNum, transactionDate, transactionType_ID, account_ID)VALUES (298,' num387', '1992-03-04' ,97, 38);INSERT INTO Transaction (transaction_ID, transactionNum, transactionDate, transactionType_ID, account_ID)VALUES (581,' num624', '1992-03-04' ,719, 38);INSERT INTO Transaction (transaction_ID, transactionNum, transactionDate, transactionType_ID, account_ID)VALUES (34,' num329', '1992-03-04' ,719, 38);INSERT INTO Transaction (transaction_ID, transactionNum, transactionDate, transactionType_ID, account_ID)VALUES (912,' num20', '1992-03-04' ,97, 38);INSERT INTO Transaction (transaction_ID, transactionNum, transactionDate, transactionType_ID, account_ID)VALUES (868,' num16', '1992-03-04' ,719, 38);INSERT INTO Transaction (transaction_ID, transactionNum, transactionDate, transactionType_ID, account_ID)VALUES (938,' num652', '1992-03-04' ,719, 38);INSERT INTO Transaction (transaction_ID, transactionNum, transactionDate, transactionType_ID, account_ID)VALUES (344,' num586', '1992-03-04' ,719, 38);INSERT INTO Transaction (transaction_ID, transactionNum, transactionDate, transactionType_ID, account_ID)VALUES (853,' num890', '1992-03-04' ,97, 38);INSERT INTO Transaction (transaction_ID, transactionNum, transactionDate, transactionType_ID, account_ID)VALUES (170,' num583', '1992-03-04' ,719, 38);INSERT INTO Transaction (transaction_ID, transactionNum, transactionDate, transactionType_ID, account_ID)VALUES (182,' num792', '1992-03-04' ,97, 38);INSERT INTO Transaction (transaction_ID, transactionNum, transactionDate, transactionType_ID, account_ID)VALUES (846,' num261', '1992-03-04' ,97, 38);INSERT INTO Transaction (transaction_ID, transactionNum, transactionDate, transactionType_ID, account_ID)VALUES (535,' num434', '1992-03-04' ,719, 38);INSERT INTO Transaction (transaction_ID, transactionNum, transactionDate, transactionType_ID, account_ID)VALUES (808,' num713', '1992-03-04' ,97, 38);INSERT INTO Transaction (transaction_ID, transactionNum, transactionDate, transactionType_ID, account_ID)VALUES (790,' num289', '1992-03-04' ,719, 38);INSERT INTO Transaction (transaction_ID, transactionNum, transactionDate, transactionType_ID, account_ID)VALUES (732,' num556', '1992-03-04' ,97, 38);INSERT INTO Transaction (transaction_ID, transactionNum, transactionDate, transactionType_ID, account_ID)VALUES (675,' num570', '1992-03-04' ,97, 38);INSERT INTO Transaction (transaction_ID, transactionNum, transactionDate, transactionType_ID, account_ID)VALUES (116,' num80', '1992-03-04' ,97, 38);INSERT INTO Transaction (transaction_ID, transactionNum, transactionDate, transactionType_ID, account_ID)VALUES (737,' num336', '1992-03-04' ,97, 38);INSERT INTO Transaction (transaction_ID, transactionNum, transactionDate, transactionType_ID, account_ID)VALUES (602,' num5', '1992-03-04' ,719, 38);INSERT INTO Transaction (transaction_ID, transactionNum, transactionDate, transactionType_ID, account_ID)VALUES (756,' num802', '1992-03-04' ,97, 38);INSERT INTO Transaction (transaction_ID, transactionNum, transactionDate, transactionType_ID, account_ID)VALUES (259,' num302', '1992-03-04' ,719, 38);INSERT INTO Transaction (transaction_ID, transactionNum, transactionDate, transactionType_ID, account_ID)VALUES (17,' num76', '1992-03-04' ,719, 38);INSERT INTO Transaction (transaction_ID, transactionNum, transactionDate, transactionType_ID, account_ID)VALUES (599,' num82', '1992-03-04' ,719, 38);INSERT INTO Transaction (transaction_ID, transactionNum, transactionDate, transactionType_ID, account_ID)VALUES (845,' num886', '1992-03-04' ,97, 38);INSERT INTO Transaction (transaction_ID, transactionNum, transactionDate, transactionType_ID, account_ID)VALUES (36,' num255', '1992-03-04' ,719, 38);INSERT INTO Transaction (transaction_ID, transactionNum, transactionDate, transactionType_ID, account_ID)VALUES (408,' num925', '1992-03-04' ,97, 38);INSERT INTO Transaction (transaction_ID, transactionNum, transactionDate, transactionType_ID, account_ID)VALUES (911,' num735', '1992-03-04' ,719, 38);INSERT INTO Transaction (transaction_ID, transactionNum, transactionDate, transactionType_ID, account_ID)VALUES (519,' num646', '1992-03-04' ,719, 38);INSERT INTO Transaction (transaction_ID, transactionNum, transactionDate, transactionType_ID, account_ID)VALUES (62,' num621', '1992-03-04' ,97, 38);INSERT INTO Transaction (transaction_ID, transactionNum, transactionDate, transactionType_ID, account_ID)VALUES (982,' num598', '1992-03-04' ,719, 38);INSERT INTO Transaction (transaction_ID, transactionNum, transactionDate, transactionType_ID, account_ID)VALUES (922,' num663', '1992-03-04' ,719, 38);INSERT INTO Transaction (transaction_ID, transactionNum, transactionDate, transactionType_ID, account_ID)VALUES (691,' num150', '1992-03-04' ,97, 38);INSERT INTO Transaction (transaction_ID, transactionNum, transactionDate, transactionType_ID, account_ID)VALUES (705,' num437', '1992-03-04' ,719, 38);INSERT INTO Transaction (transaction_ID, transactionNum, transactionDate, transactionType_ID, account_ID)VALUES (211,' num622', '1992-03-04' ,719, 38);INSERT INTO Transaction (transaction_ID, transactionNum, transactionDate, transactionType_ID, account_ID)VALUES (437,' num575', '1992-03-04' ,97, 38);INSERT INTO Transaction (transaction_ID, transactionNum, transactionDate, transactionType_ID, account_ID)VALUES (761,' num830', '1992-03-04' ,97, 38);INSERT INTO Transaction (transaction_ID, transactionNum, transactionDate, transactionType_ID, account_ID)VALUES (664,' num573', '1992-03-04' ,719, 38);INSERT INTO Transaction (transaction_ID, transactionNum, transactionDate, transactionType_ID, account_ID)VALUES (443,' num451', '1992-03-04' ,97, 38);INSERT INTO Transaction (transaction_ID, transactionNum, transactionDate, transactionType_ID, account_ID)VALUES (141,' num340', '1992-03-04' ,97, 38);INSERT INTO Transaction (transaction_ID, transactionNum, transactionDate, transactionType_ID, account_ID)VALUES (637,' num83', '1992-03-04' ,719, 38);INSERT INTO Transaction (transaction_ID, transactionNum, transactionDate, transactionType_ID, account_ID)VALUES (953,' num445', '1992-03-04' ,719, 38);INSERT INTO Transaction (transaction_ID, transactionNum, transactionDate, transactionType_ID, account_ID)VALUES (478,' num764', '1992-03-04' ,97, 38);INSERT INTO Transaction (transaction_ID, transactionNum, transactionDate, transactionType_ID, account_ID)VALUES (551,' num815', '1992-03-04' ,97, 477);INSERT INTO Transaction (transaction_ID, transactionNum, transactionDate, transactionType_ID, account_ID)VALUES (993,' num592', '1992-03-04' ,97, 477);INSERT INTO Transaction (transaction_ID, transactionNum, transactionDate, transactionType_ID, account_ID)VALUES (389,' num64', '1992-03-04' ,97, 477);INSERT INTO Transaction (transaction_ID, transactionNum, transactionDate, transactionType_ID, account_ID)VALUES (53,' num492', '1992-03-04' ,719, 477);INSERT INTO Transaction (transaction_ID, transactionNum, transactionDate, transactionType_ID, account_ID)VALUES (604,' num812', '1992-03-04' ,97, 477);INSERT INTO Transaction (transaction_ID, transactionNum, transactionDate, transactionType_ID, account_ID)VALUES (792,' num867', '1992-03-04' ,97, 477);INSERT INTO Transaction (transaction_ID, transactionNum, transactionDate, transactionType_ID, account_ID)VALUES (955,' num699', '1992-03-04' ,97, 477);INSERT INTO Transaction (transaction_ID, transactionNum, transactionDate, transactionType_ID, account_ID)VALUES (575,' num969', '1992-03-04' ,719, 477);INSERT INTO Transaction (transaction_ID, transactionNum, transactionDate, transactionType_ID, account_ID)VALUES (985,' num137', '1992-03-04' ,97, 477);INSERT INTO Transaction (transaction_ID, transactionNum, transactionDate, transactionType_ID, account_ID)VALUES (161,' num577', '1992-03-04' ,719, 477);INSERT INTO Transaction (transaction_ID, transactionNum, transactionDate, transactionType_ID, account_ID)VALUES (29,' num658', '1992-03-04' ,97, 477);INSERT INTO Transaction (transaction_ID, transactionNum, transactionDate, transactionType_ID, account_ID)VALUES (281,' num975', '1992-03-04' ,719, 477);INSERT INTO Transaction (transaction_ID, transactionNum, transactionDate, transactionType_ID, account_ID)VALUES (631,' num254', '1992-03-04' ,719, 477);INSERT INTO Transaction (transaction_ID, transactionNum, transactionDate, transactionType_ID, account_ID)VALUES (230,' num464', '1992-03-04' ,97, 477);INSERT INTO Transaction (transaction_ID, transactionNum, transactionDate, transactionType_ID, account_ID)VALUES (767,' num546', '1992-03-04' ,97, 477);INSERT INTO Transaction (transaction_ID, transactionNum, transactionDate, transactionType_ID, account_ID)VALUES (966,' num485', '1992-03-04' ,97, 477);INSERT INTO Transaction (transaction_ID, transactionNum, transactionDate, transactionType_ID, account_ID)VALUES (150,' num443', '1992-03-04' ,97, 477);INSERT INTO Transaction (transaction_ID, transactionNum, transactionDate, transactionType_ID, account_ID)VALUES (622,' num619', '1992-03-04' ,719, 477);INSERT INTO Transaction (transaction_ID, transactionNum, transactionDate, transactionType_ID, account_ID)VALUES (41,' num728', '1992-03-04' ,719, 477);INSERT INTO Transaction (transaction_ID, transactionNum, transactionDate, transactionType_ID, account_ID)VALUES (948,' num883', '1992-03-04' ,97, 477);INSERT INTO Transaction (transaction_ID, transactionNum, transactionDate, transactionType_ID, account_ID)VALUES (61,' num595', '1992-03-04' ,97, 477);INSERT INTO Transaction (transaction_ID, transactionNum, transactionDate, transactionType_ID, account_ID)VALUES (872,' num491', '1992-03-04' ,719, 477);INSERT INTO Transaction (transaction_ID, transactionNum, transactionDate, transactionType_ID, account_ID)VALUES (98,' num235', '1992-03-04' ,97, 477);INSERT INTO Transaction (transaction_ID, transactionNum, transactionDate, transactionType_ID, account_ID)VALUES (300,' num610', '1992-03-04' ,719, 477);INSERT INTO Transaction (transaction_ID, transactionNum, transactionDate, transactionType_ID, account_ID)VALUES (583,' num787', '1992-03-04' ,719, 477);INSERT INTO Transaction (transaction_ID, transactionNum, transactionDate, transactionType_ID, account_ID)VALUES (237,' num309', '1992-03-04' ,97, 477);INSERT INTO Transaction (transaction_ID, transactionNum, transactionDate, transactionType_ID, account_ID)VALUES (540,' num194', '1992-03-04' ,719, 477);INSERT INTO Transaction (transaction_ID, transactionNum, transactionDate, transactionType_ID, account_ID)VALUES (503,' num372', '1992-03-04' ,97, 477);INSERT INTO Transaction (transaction_ID, transactionNum, transactionDate, transactionType_ID, account_ID)VALUES (379,' num505', '1992-03-04' ,719, 477);INSERT INTO Transaction (transaction_ID, transactionNum, transactionDate, transactionType_ID, account_ID)VALUES (605,' num839', '1992-03-04' ,719, 477);INSERT INTO Transaction (transaction_ID, transactionNum, transactionDate, transactionType_ID, account_ID)VALUES (104,' num889', '1992-03-04' ,719, 477);INSERT INTO Transaction (transaction_ID, transactionNum, transactionDate, transactionType_ID, account_ID)VALUES (447,' num182', '1992-03-04' ,719, 477);INSERT INTO Transaction (transaction_ID, transactionNum, transactionDate, transactionType_ID, account_ID)VALUES (591,' num227', '1992-03-04' ,97, 477);INSERT INTO Transaction (transaction_ID, transactionNum, transactionDate, transactionType_ID, account_ID)VALUES (787,' num268', '1992-03-04' ,97, 477);INSERT INTO Transaction (transaction_ID, transactionNum, transactionDate, transactionType_ID, account_ID)VALUES (825,' num903', '1992-03-04' ,719, 477);INSERT INTO Transaction (transaction_ID, transactionNum, transactionDate, transactionType_ID, account_ID)VALUES (727,' num994', '1992-03-04' ,97, 477);INSERT INTO Transaction (transaction_ID, transactionNum, transactionDate, transactionType_ID, account_ID)VALUES (320,' num85', '1992-03-04' ,719, 477);INSERT INTO Transaction (transaction_ID, transactionNum, transactionDate, transactionType_ID, account_ID)VALUES (969,' num23', '1992-03-04' ,97, 477);INSERT INTO Transaction (transaction_ID, transactionNum, transactionDate, transactionType_ID, account_ID)VALUES (88,' num57', '1992-03-04' ,719, 477);INSERT INTO Transaction (transaction_ID, transactionNum, transactionDate, transactionType_ID, account_ID)VALUES (633,' num93', '1992-03-04' ,97, 477);INSERT INTO Transaction (transaction_ID, transactionNum, transactionDate, transactionType_ID, account_ID)VALUES (416,' num9', '1992-03-04' ,97, 477);INSERT INTO Transaction (transaction_ID, transactionNum, transactionDate, transactionType_ID, account_ID)VALUES (752,' num558', '1992-03-04' ,719, 477);INSERT INTO Transaction (transaction_ID, transactionNum, transactionDate, transactionType_ID, account_ID)VALUES (995,' num949', '1992-03-04' ,97, 477);INSERT INTO Transaction (transaction_ID, transactionNum, transactionDate, transactionType_ID, account_ID)VALUES (221,' num382', '1992-03-04' ,719, 477);INSERT INTO Transaction (transaction_ID, transactionNum, transactionDate, transactionType_ID, account_ID)VALUES (976,' num765', '1992-03-04' ,719, 477);INSERT INTO Transaction (transaction_ID, transactionNum, transactionDate, transactionType_ID, account_ID)VALUES (222,' num455', '1992-03-04' ,719, 477);INSERT INTO Transaction (transaction_ID, transactionNum, transactionDate, transactionType_ID, account_ID)VALUES (559,' num796', '1992-03-04' ,97, 477);INSERT INTO Transaction (transaction_ID, transactionNum, transactionDate, transactionType_ID, account_ID)VALUES (330,' num213', '1992-03-04' ,719, 477);INSERT INTO Transaction (transaction_ID, transactionNum, transactionDate, transactionType_ID, account_ID)VALUES (326,' num926', '1992-03-04' ,719, 477);INSERT INTO Transaction (transaction_ID, transactionNum, transactionDate, transactionType_ID, account_ID)VALUES (990,' num14', '1992-03-04' ,97, 477);INSERT INTO Transaction (transaction_ID, transactionNum, transactionDate, transactionType_ID, account_ID)VALUES (293,' num581', '1992-03-04' ,97, 477);INSERT INTO Transaction (transaction_ID, transactionNum, transactionDate, transactionType_ID, account_ID)VALUES (951,' num707', '1992-03-04' ,97, 477);INSERT INTO Transaction (transaction_ID, transactionNum, transactionDate, transactionType_ID, account_ID)VALUES (819,' num935', '1992-03-04' ,719, 477);INSERT INTO Transaction (transaction_ID, transactionNum, transactionDate, transactionType_ID, account_ID)VALUES (748,' num305', '1992-03-04' ,719, 477);INSERT INTO Transaction (transaction_ID, transactionNum, transactionDate, transactionType_ID, account_ID)VALUES (588,' num258', '1992-03-04' ,719, 477);INSERT INTO Transaction (transaction_ID, transactionNum, transactionDate, transactionType_ID, account_ID)VALUES (463,' num871', '1992-03-04' ,97, 477);INSERT INTO Transaction (transaction_ID, transactionNum, transactionDate, transactionType_ID, account_ID)VALUES (641,' num749', '1992-03-04' ,97, 477);INSERT INTO Transaction (transaction_ID, transactionNum, transactionDate, transactionType_ID, account_ID)VALUES (981,' num961', '1992-03-04' ,97, 477);INSERT INTO Transaction (transaction_ID, transactionNum, transactionDate, transactionType_ID, account_ID)VALUES (431,' num19', '1992-03-04' ,719, 477);INSERT INTO Transaction (transaction_ID, transactionNum, transactionDate, transactionType_ID, account_ID)VALUES (482,' num957', '1992-03-04' ,97, 477);INSERT INTO Transaction (transaction_ID, transactionNum, transactionDate, transactionType_ID, account_ID)VALUES (684,' num666', '1992-03-04' ,97, 477);INSERT INTO Transaction (transaction_ID, transactionNum, transactionDate, transactionType_ID, account_ID)VALUES (918,' num661', '1992-03-04' ,719, 477);INSERT INTO Transaction (transaction_ID, transactionNum, transactionDate, transactionType_ID, account_ID)VALUES (119,' num695', '1992-03-04' ,97, 477);INSERT INTO Transaction (transaction_ID, transactionNum, transactionDate, transactionType_ID, account_ID)VALUES (785,' num376', '1992-03-04' ,97, 477);INSERT INTO Transaction (transaction_ID, transactionNum, transactionDate, transactionType_ID, account_ID)VALUES (558,' num785', '1992-03-04' ,97, 477);INSERT INTO Transaction (transaction_ID, transactionNum, transactionDate, transactionType_ID, account_ID)VALUES (936,' num997', '1992-03-04' ,719, 477);INSERT INTO Transaction (transaction_ID, transactionNum, transactionDate, transactionType_ID, account_ID)VALUES (399,' num449', '1992-03-04' ,97, 477);INSERT INTO Transaction (transaction_ID, transactionNum, transactionDate, transactionType_ID, account_ID)VALUES (817,' num466', '1992-03-04' ,97, 477);INSERT INTO Transaction (transaction_ID, transactionNum, transactionDate, transactionType_ID, account_ID)VALUES (381,' num807', '1992-03-04' ,97, 477);INSERT INTO Transaction (transaction_ID, transactionNum, transactionDate, transactionType_ID, account_ID)VALUES (809,' num795', '1992-03-04' ,97, 477);INSERT INTO Transaction (transaction_ID, transactionNum, transactionDate, transactionType_ID, account_ID)VALUES (358,' num461', '1992-03-04' ,97, 477);INSERT INTO Transaction (transaction_ID, transactionNum, transactionDate, transactionType_ID, account_ID)VALUES (751,' num99', '1992-03-04' ,719, 477);INSERT INTO Transaction (transaction_ID, transactionNum, transactionDate, transactionType_ID, account_ID)VALUES (826,' num853', '1992-03-04' ,719, 477);INSERT INTO Transaction (transaction_ID, transactionNum, transactionDate, transactionType_ID, account_ID)VALUES (487,' num483', '1992-03-04' ,719, 477);INSERT INTO Transaction (transaction_ID, transactionNum, transactionDate, transactionType_ID, account_ID)VALUES (480,' num833', '1992-03-04' ,719, 477);INSERT INTO Transaction (transaction_ID, transactionNum, transactionDate, transactionType_ID, account_ID)VALUES (908,' num854', '1992-03-04' ,719, 477);INSERT INTO Transaction (transaction_ID, transactionNum, transactionDate, transactionType_ID, account_ID)VALUES (407,' num374', '1992-03-04' ,97, 477);INSERT INTO Transaction (transaction_ID, transactionNum, transactionDate, transactionType_ID, account_ID)VALUES (145,' num940', '1992-03-04' ,719, 477);INSERT INTO Transaction (transaction_ID, transactionNum, transactionDate, transactionType_ID, account_ID)VALUES (603,' num680', '1992-03-04' ,97, 477);INSERT INTO Transaction (transaction_ID, transactionNum, transactionDate, transactionType_ID, account_ID)VALUES (827,' num102', '1992-03-04' ,97, 477);INSERT INTO Transaction (transaction_ID, transactionNum, transactionDate, transactionType_ID, account_ID)VALUES (586,' num178', '1992-03-04' ,719, 477);INSERT INTO Transaction (transaction_ID, transactionNum, transactionDate, transactionType_ID, account_ID)VALUES (243,' num310', '1992-03-04' ,97, 477);INSERT INTO Transaction (transaction_ID, transactionNum, transactionDate, transactionType_ID, account_ID)VALUES (680,' num789', '1992-03-04' ,97, 477);INSERT INTO Transaction (transaction_ID, transactionNum, transactionDate, transactionType_ID, account_ID)VALUES (861,' num763', '1992-03-04' ,719, 477);INSERT INTO Transaction (transaction_ID, transactionNum, transactionDate, transactionType_ID, account_ID)VALUES (282,' num162', '1992-03-04' ,719, 477);INSERT INTO Transaction (transaction_ID, transactionNum, transactionDate, transactionType_ID, account_ID)VALUES (914,' num858', '1992-03-04' ,97, 477);INSERT INTO Transaction (transaction_ID, transactionNum, transactionDate, transactionType_ID, account_ID)VALUES (26,' num924', '1992-03-04' ,97, 477);INSERT INTO Transaction (transaction_ID, transactionNum, transactionDate, transactionType_ID, account_ID)VALUES (31,' num460', '1992-03-04' ,719, 477);INSERT INTO Transaction (transaction_ID, transactionNum, transactionDate, transactionType_ID, account_ID)VALUES (105,' num298', '1992-03-04' ,719, 477);INSERT INTO Transaction (transaction_ID, transactionNum, transactionDate, transactionType_ID, account_ID)VALUES (799,' num644', '1992-03-04' ,719, 477);INSERT INTO Transaction (transaction_ID, transactionNum, transactionDate, transactionType_ID, account_ID)VALUES (364,' num557', '1992-03-04' ,719, 477);INSERT INTO Transaction (transaction_ID, transactionNum, transactionDate, transactionType_ID, account_ID)VALUES (666,' num117', '1992-03-04' ,719, 477);INSERT INTO Transaction (transaction_ID, transactionNum, transactionDate, transactionType_ID, account_ID)VALUES (972,' num126', '1992-03-04' ,719, 477);INSERT INTO Transaction (transaction_ID, transactionNum, transactionDate, transactionType_ID, account_ID)VALUES (593,' num908', '1992-03-04' ,719, 477);INSERT INTO Transaction (transaction_ID, transactionNum, transactionDate, transactionType_ID, account_ID)VALUES (589,' num552', '1992-03-04' ,97, 477);INSERT INTO Transaction (transaction_ID, transactionNum, transactionDate, transactionType_ID, account_ID)VALUES (624,' num641', '1992-03-04' ,97, 205);INSERT INTO Transaction (transaction_ID, transactionNum, transactionDate, transactionType_ID, account_ID)VALUES (658,' num27', '1992-03-04' ,719, 205);INSERT INTO Transaction (transaction_ID, transactionNum, transactionDate, transactionType_ID, account_ID)VALUES (493,' num405', '1992-03-04' ,97, 205);INSERT INTO Transaction (transaction_ID, transactionNum, transactionDate, transactionType_ID, account_ID)VALUES (319,' num446', '1992-03-04' ,719, 205);INSERT INTO Transaction (transaction_ID, transactionNum, transactionDate, transactionType_ID, account_ID)VALUES (481,' num250', '1992-03-04' ,97, 205);INSERT INTO Transaction (transaction_ID, transactionNum, transactionDate, transactionType_ID, account_ID)VALUES (565,' num351', '1992-03-04' ,97, 205);INSERT INTO Transaction (transaction_ID, transactionNum, transactionDate, transactionType_ID, account_ID)VALUES (776,' num359', '1992-03-04' ,719, 205);INSERT INTO Transaction (transaction_ID, transactionNum, transactionDate, transactionType_ID, account_ID)VALUES (655,' num21', '1992-03-04' ,97, 205);INSERT INTO Transaction (transaction_ID, transactionNum, transactionDate, transactionType_ID, account_ID)VALUES (235,' num771', '1992-03-04' ,97, 205);INSERT INTO Transaction (transaction_ID, transactionNum, transactionDate, transactionType_ID, account_ID)VALUES (406,' num330', '1992-03-04' ,719, 205);INSERT INTO Transaction (transaction_ID, transactionNum, transactionDate, transactionType_ID, account_ID)VALUES (261,' num712', '1992-03-04' ,97, 205);INSERT INTO Transaction (transaction_ID, transactionNum, transactionDate, transactionType_ID, account_ID)VALUES (928,' num17', '1992-03-04' ,97, 205);INSERT INTO Transaction (transaction_ID, transactionNum, transactionDate, transactionType_ID, account_ID)VALUES (313,' num805', '1992-03-04' ,97, 205);INSERT INTO Transaction (transaction_ID, transactionNum, transactionDate, transactionType_ID, account_ID)VALUES (223,' num447', '1992-03-04' ,97, 205);INSERT INTO Transaction (transaction_ID, transactionNum, transactionDate, transactionType_ID, account_ID)VALUES (74,' num963', '1992-03-04' ,719, 205);INSERT INTO Transaction (transaction_ID, transactionNum, transactionDate, transactionType_ID, account_ID)VALUES (343,' num4', '1992-03-04' ,97, 205);INSERT INTO Transaction (transaction_ID, transactionNum, transactionDate, transactionType_ID, account_ID)VALUES (233,' num524', '1992-03-04' ,97, 205);INSERT INTO Transaction (transaction_ID, transactionNum, transactionDate, transactionType_ID, account_ID)VALUES (806,' num266', '1992-03-04' ,97, 205);INSERT INTO Transaction (transaction_ID, transactionNum, transactionDate, transactionType_ID, account_ID)VALUES (745,' num782', '1992-03-04' ,719, 205);INSERT INTO Transaction (transaction_ID, transactionNum, transactionDate, transactionType_ID, account_ID)VALUES (623,' num801', '1992-03-04' ,719, 205);INSERT INTO Transaction (transaction_ID, transactionNum, transactionDate, transactionType_ID, account_ID)VALUES (517,' num588', '1992-03-04' ,719, 205);INSERT INTO Transaction (transaction_ID, transactionNum, transactionDate, transactionType_ID, account_ID)VALUES (231,' num8', '1992-03-04' ,719, 205);INSERT INTO Transaction (transaction_ID, transactionNum, transactionDate, transactionType_ID, account_ID)VALUES (125,' num335', '1992-03-04' ,97, 205);INSERT INTO Transaction (transaction_ID, transactionNum, transactionDate, transactionType_ID, account_ID)VALUES (563,' num667', '1992-03-04' ,719, 205);INSERT INTO Transaction (transaction_ID, transactionNum, transactionDate, transactionType_ID, account_ID)VALUES (348,' num985', '1992-03-04' ,719, 205);INSERT INTO Transaction (transaction_ID, transactionNum, transactionDate, transactionType_ID, account_ID)VALUES (107,' num752', '1992-03-04' ,719, 205);INSERT INTO Transaction (transaction_ID, transactionNum, transactionDate, transactionType_ID, account_ID)VALUES (168,' num634', '1992-03-04' ,719, 205);INSERT INTO Transaction (transaction_ID, transactionNum, transactionDate, transactionType_ID, account_ID)VALUES (757,' num870', '1992-03-04' ,97, 205);INSERT INTO Transaction (transaction_ID, transactionNum, transactionDate, transactionType_ID, account_ID)VALUES (40,' num42', '1992-03-04' ,719, 205);INSERT INTO Transaction (transaction_ID, transactionNum, transactionDate, transactionType_ID, account_ID)VALUES (679,' num128', '1992-03-04' ,719, 205);INSERT INTO Transaction (transaction_ID, transactionNum, transactionDate, transactionType_ID, account_ID)VALUES (12,' num294', '1992-03-04' ,719, 205);INSERT INTO Transaction (transaction_ID, transactionNum, transactionDate, transactionType_ID, account_ID)VALUES (769,' num317', '1992-03-04' ,97, 205);INSERT INTO Transaction (transaction_ID, transactionNum, transactionDate, transactionType_ID, account_ID)VALUES (925,' num418', '1992-03-04' ,719, 205);INSERT INTO Transaction (transaction_ID, transactionNum, transactionDate, transactionType_ID, account_ID)VALUES (338,' num229', '1992-03-04' ,719, 205);INSERT INTO Transaction (transaction_ID, transactionNum, transactionDate, transactionType_ID, account_ID)VALUES (383,' num202', '1992-03-04' ,97, 205);INSERT INTO Transaction (transaction_ID, transactionNum, transactionDate, transactionType_ID, account_ID)VALUES (975,' num650', '1992-03-04' ,719, 205);INSERT INTO Transaction (transaction_ID, transactionNum, transactionDate, transactionType_ID, account_ID)VALUES (687,' num612', '1992-03-04' ,719, 205);INSERT INTO Transaction (transaction_ID, transactionNum, transactionDate, transactionType_ID, account_ID)VALUES (122,' num230', '1992-03-04' ,719, 205);INSERT INTO Transaction (transaction_ID, transactionNum, transactionDate, transactionType_ID, account_ID)VALUES (21,' num253', '1992-03-04' ,719, 205);INSERT INTO Transaction (transaction_ID, transactionNum, transactionDate, transactionType_ID, account_ID)VALUES (377,' num964', '1992-03-04' ,97, 205);INSERT INTO Transaction (transaction_ID, transactionNum, transactionDate, transactionType_ID, account_ID)VALUES (870,' num403', '1992-03-04' ,97, 205);INSERT INTO Transaction (transaction_ID, transactionNum, transactionDate, transactionType_ID, account_ID)VALUES (893,' num660', '1992-03-04' ,97, 205);INSERT INTO Transaction (transaction_ID, transactionNum, transactionDate, transactionType_ID, account_ID)VALUES (709,' num721', '1992-03-04' ,719, 205);INSERT INTO Transaction (transaction_ID, transactionNum, transactionDate, transactionType_ID, account_ID)VALUES (835,' num909', '1992-03-04' ,719, 205);INSERT INTO Transaction (transaction_ID, transactionNum, transactionDate, transactionType_ID, account_ID)VALUES (875,' num899', '1992-03-04' ,719, 205);INSERT INTO Transaction (transaction_ID, transactionNum, transactionDate, transactionType_ID, account_ID)VALUES (64,' num118', '1992-03-04' ,97, 205);INSERT INTO Transaction (transaction_ID, transactionNum, transactionDate, transactionType_ID, account_ID)VALUES (489,' num923', '1992-03-04' ,97, 205);INSERT INTO Transaction (transaction_ID, transactionNum, transactionDate, transactionType_ID, account_ID)VALUES (430,' num511', '1992-03-04' ,97, 205);INSERT INTO Transaction (transaction_ID, transactionNum, transactionDate, transactionType_ID, account_ID)VALUES (566,' num723', '1992-03-04' ,719, 205);INSERT INTO Transaction (transaction_ID, transactionNum, transactionDate, transactionType_ID, account_ID)VALUES (735,' num759', '1992-03-04' ,719, 205);INSERT INTO Transaction (transaction_ID, transactionNum, transactionDate, transactionType_ID, account_ID)VALUES (433,' num155', '1992-03-04' ,97, 205);INSERT INTO Transaction (transaction_ID, transactionNum, transactionDate, transactionType_ID, account_ID)VALUES (617,' num743', '1992-03-04' ,97, 205);INSERT INTO Transaction (transaction_ID, transactionNum, transactionDate, transactionType_ID, account_ID)VALUES (652,' num60', '1992-03-04' ,97, 205);INSERT INTO Transaction (transaction_ID, transactionNum, transactionDate, transactionType_ID, account_ID)VALUES (191,' num407', '1992-03-04' ,719, 205);INSERT INTO Transaction (transaction_ID, transactionNum, transactionDate, transactionType_ID, account_ID)VALUES (419,' num865', '1992-03-04' ,97, 205);INSERT INTO Transaction (transaction_ID, transactionNum, transactionDate, transactionType_ID, account_ID)VALUES (180,' num528', '1992-03-04' ,719, 205);INSERT INTO Transaction (transaction_ID, transactionNum, transactionDate, transactionType_ID, account_ID)VALUES (244,' num733', '1992-03-04' ,719, 205);INSERT INTO Transaction (transaction_ID, transactionNum, transactionDate, transactionType_ID, account_ID)VALUES (881,' num112', '1992-03-04' ,97, 205);INSERT INTO Transaction (transaction_ID, transactionNum, transactionDate, transactionType_ID, account_ID)VALUES (685,' num173', '1992-03-04' ,719, 205);INSERT INTO Transaction (transaction_ID, transactionNum, transactionDate, transactionType_ID, account_ID)VALUES (115,' num873', '1992-03-04' ,719, 205);INSERT INTO Transaction (transaction_ID, transactionNum, transactionDate, transactionType_ID, account_ID)VALUES (643,' num115', '1992-03-04' ,719, 205);INSERT INTO Transaction (transaction_ID, transactionNum, transactionDate, transactionType_ID, account_ID)VALUES (919,' num781', '1992-03-04' ,719, 205);INSERT INTO Transaction (transaction_ID, transactionNum, transactionDate, transactionType_ID, account_ID)VALUES (600,' num584', '1992-03-04' ,97, 205);INSERT INTO Transaction (transaction_ID, transactionNum, transactionDate, transactionType_ID, account_ID)VALUES (740,' num533', '1992-03-04' ,97, 205);INSERT INTO Transaction (transaction_ID, transactionNum, transactionDate, transactionType_ID, account_ID)VALUES (460,' num679', '1992-03-04' ,97, 205);INSERT INTO Transaction (transaction_ID, transactionNum, transactionDate, transactionType_ID, account_ID)VALUES (531,' num139', '1992-03-04' ,719, 205);INSERT INTO Transaction (transaction_ID, transactionNum, transactionDate, transactionType_ID, account_ID)VALUES (124,' num225', '1992-03-04' ,97, 205);INSERT INTO Transaction (transaction_ID, transactionNum, transactionDate, transactionType_ID, account_ID)VALUES (187,' num972', '1992-03-04' ,719, 205);INSERT INTO Transaction (transaction_ID, transactionNum, transactionDate, transactionType_ID, account_ID)VALUES (821,' num522', '1992-03-04' ,719, 205);INSERT INTO Transaction (transaction_ID, transactionNum, transactionDate, transactionType_ID, account_ID)VALUES (445,' num887', '1992-03-04' ,719, 205);INSERT INTO Transaction (transaction_ID, transactionNum, transactionDate, transactionType_ID, account_ID)VALUES (174,' num396', '1992-03-04' ,97, 205);INSERT INTO Transaction (transaction_ID, transactionNum, transactionDate, transactionType_ID, account_ID)VALUES (270,' num234', '1992-03-04' ,719, 205);INSERT INTO Transaction (transaction_ID, transactionNum, transactionDate, transactionType_ID, account_ID)VALUES (363,' num863', '1992-03-04' ,719, 205);INSERT INTO Transaction (transaction_ID, transactionNum, transactionDate, transactionType_ID, account_ID)VALUES (543,' num77', '1992-03-04' ,719, 205);INSERT INTO Transaction (transaction_ID, transactionNum, transactionDate, transactionType_ID, account_ID)VALUES (190,' num694', '1992-03-04' ,97, 205);INSERT INTO Transaction (transaction_ID, transactionNum, transactionDate, transactionType_ID, account_ID)VALUES (820,' num288', '1992-03-04' ,719, 205);INSERT INTO Transaction (transaction_ID, transactionNum, transactionDate, transactionType_ID, account_ID)VALUES (629,' num683', '1992-03-04' ,719, 205);INSERT INTO Transaction (transaction_ID, transactionNum, transactionDate, transactionType_ID, account_ID)VALUES (378,' num919', '1992-03-04' ,719, 205);INSERT INTO Transaction (transaction_ID, transactionNum, transactionDate, transactionType_ID, account_ID)VALUES (784,' num915', '1992-03-04' ,97, 205);INSERT INTO Transaction (transaction_ID, transactionNum, transactionDate, transactionType_ID, account_ID)VALUES (325,' num537', '1992-03-04' ,719, 205);INSERT INTO Transaction (transaction_ID, transactionNum, transactionDate, transactionType_ID, account_ID)VALUES (541,' num993', '1992-03-04' ,97, 205);INSERT INTO Transaction (transaction_ID, transactionNum, transactionDate, transactionType_ID, account_ID)VALUES (613,' num544', '1992-03-04' ,97, 205);INSERT INTO Transaction (transaction_ID, transactionNum, transactionDate, transactionType_ID, account_ID)VALUES (314,' num123', '1992-03-04' ,719, 205);INSERT INTO Transaction (transaction_ID, transactionNum, transactionDate, transactionType_ID, account_ID)VALUES (278,' num322', '1992-03-04' ,719, 205);INSERT INTO Transaction (transaction_ID, transactionNum, transactionDate, transactionType_ID, account_ID)VALUES (777,' num48', '1992-03-04' ,719, 205);INSERT INTO Transaction (transaction_ID, transactionNum, transactionDate, transactionType_ID, account_ID)VALUES (506,' num32', '1992-03-04' ,97, 205);INSERT INTO Transaction (transaction_ID, transactionNum, transactionDate, transactionType_ID, account_ID)VALUES (349,' num629', '1992-03-04' ,719, 205);INSERT INTO Transaction (transaction_ID, transactionNum, transactionDate, transactionType_ID, account_ID)VALUES (507,' num838', '1992-03-04' ,97, 205);INSERT INTO Transaction (transaction_ID, transactionNum, transactionDate, transactionType_ID, account_ID)VALUES (747,' num704', '1992-03-04' ,97, 205);INSERT INTO Transaction (transaction_ID, transactionNum, transactionDate, transactionType_ID, account_ID)VALUES (310,' num986', '1992-03-04' ,97, 205);INSERT INTO Transaction (transaction_ID, transactionNum, transactionDate, transactionType_ID, account_ID)VALUES (902,' num218', '1992-03-04' ,97, 205);INSERT INTO Transaction (transaction_ID, transactionNum, transactionDate, transactionType_ID, account_ID)VALUES (988,' num734', '1992-03-04' ,97, 205);INSERT INTO Transaction (transaction_ID, transactionNum, transactionDate, transactionType_ID, account_ID)VALUES (273,' num912', '1992-03-04' ,97, 205);INSERT INTO Transaction (transaction_ID, transactionNum, transactionDate, transactionType_ID, account_ID)VALUES (203,' num91', '1992-03-04' ,97, 205);INSERT INTO Transaction (transaction_ID, transactionNum, transactionDate, transactionType_ID, account_ID)VALUES (140,' num639', '1992-03-04' ,97, 205);INSERT INTO Transaction (transaction_ID, transactionNum, transactionDate, transactionType_ID, account_ID)VALUES (268,' num895', '1992-03-04' ,97, 493);INSERT INTO Transaction (transaction_ID, transactionNum, transactionDate, transactionType_ID, account_ID)VALUES (132,' num535', '1992-03-04' ,719, 493);INSERT INTO Transaction (transaction_ID, transactionNum, transactionDate, transactionType_ID, account_ID)VALUES (527,' num361', '1992-03-04' ,719, 493);INSERT INTO Transaction (transaction_ID, transactionNum, transactionDate, transactionType_ID, account_ID)VALUES (716,' num299', '1992-03-04' ,719, 493);INSERT INTO Transaction (transaction_ID, transactionNum, transactionDate, transactionType_ID, account_ID)VALUES (596,' num578', '1992-03-04' ,97, 493);INSERT INTO Transaction (transaction_ID, transactionNum, transactionDate, transactionType_ID, account_ID)VALUES (414,' num918', '1992-03-04' ,97, 493);INSERT INTO Transaction (transaction_ID, transactionNum, transactionDate, transactionType_ID, account_ID)VALUES (533,' num186', '1992-03-04' ,719, 493);INSERT INTO Transaction (transaction_ID, transactionNum, transactionDate, transactionType_ID, account_ID)VALUES (118,' num848', '1992-03-04' ,97, 493);INSERT INTO Transaction (transaction_ID, transactionNum, transactionDate, transactionType_ID, account_ID)VALUES (224,' num110', '1992-03-04' ,97, 493);INSERT INTO Transaction (transaction_ID, transactionNum, transactionDate, transactionType_ID, account_ID)VALUES (37,' num498', '1992-03-04' ,719, 493);INSERT INTO Transaction (transaction_ID, transactionNum, transactionDate, transactionType_ID, account_ID)VALUES (930,' num215', '1992-03-04' ,97, 493);INSERT INTO Transaction (transaction_ID, transactionNum, transactionDate, transactionType_ID, account_ID)VALUES (771,' num307', '1992-03-04' ,719, 493);INSERT INTO Transaction (transaction_ID, transactionNum, transactionDate, transactionType_ID, account_ID)VALUES (960,' num200', '1992-03-04' ,97, 493);INSERT INTO Transaction (transaction_ID, transactionNum, transactionDate, transactionType_ID, account_ID)VALUES (706,' num124', '1992-03-04' ,97, 493);INSERT INTO Transaction (transaction_ID, transactionNum, transactionDate, transactionType_ID, account_ID)VALUES (916,' num435', '1992-03-04' ,97, 493);INSERT INTO Transaction (transaction_ID, transactionNum, transactionDate, transactionType_ID, account_ID)VALUES (707,' num662', '1992-03-04' ,719, 493);INSERT INTO Transaction (transaction_ID, transactionNum, transactionDate, transactionType_ID, account_ID)VALUES (475,' num846', '1992-03-04' ,719, 493);INSERT INTO Transaction (transaction_ID, transactionNum, transactionDate, transactionType_ID, account_ID)VALUES (317,' num152', '1992-03-04' ,719, 493);INSERT INTO Transaction (transaction_ID, transactionNum, transactionDate, transactionType_ID, account_ID)VALUES (738,' num705', '1992-03-04' ,97, 493);INSERT INTO Transaction (transaction_ID, transactionNum, transactionDate, transactionType_ID, account_ID)VALUES (335,' num378', '1992-03-04' ,97, 493);INSERT INTO Transaction (transaction_ID, transactionNum, transactionDate, transactionType_ID, account_ID)VALUES (783,' num567', '1992-03-04' ,97, 493);INSERT INTO Transaction (transaction_ID, transactionNum, transactionDate, transactionType_ID, account_ID)VALUES (634,' num687', '1992-03-04' ,97, 493);INSERT INTO Transaction (transaction_ID, transactionNum, transactionDate, transactionType_ID, account_ID)VALUES (876,' num591', '1992-03-04' ,97, 493);INSERT INTO Transaction (transaction_ID, transactionNum, transactionDate, transactionType_ID, account_ID)VALUES (814,' num525', '1992-03-04' ,97, 493);INSERT INTO Transaction (transaction_ID, transactionNum, transactionDate, transactionType_ID, account_ID)VALUES (973,' num362', '1992-03-04' ,719, 493);INSERT INTO Transaction (transaction_ID, transactionNum, transactionDate, transactionType_ID, account_ID)VALUES (157,' num693', '1992-03-04' ,719, 493);INSERT INTO Transaction (transaction_ID, transactionNum, transactionDate, transactionType_ID, account_ID)VALUES (646,' num967', '1992-03-04' ,97, 493);INSERT INTO Transaction (transaction_ID, transactionNum, transactionDate, transactionType_ID, account_ID)VALUES (297,' num631', '1992-03-04' ,719, 493);INSERT INTO Transaction (transaction_ID, transactionNum, transactionDate, transactionType_ID, account_ID)VALUES (864,' num90', '1992-03-04' ,719, 493);INSERT INTO Transaction (transaction_ID, transactionNum, transactionDate, transactionType_ID, account_ID)VALUES (692,' num799', '1992-03-04' ,97, 493);INSERT INTO Transaction (transaction_ID, transactionNum, transactionDate, transactionType_ID, account_ID)VALUES (269,' num773', '1992-03-04' ,719, 493);INSERT INTO Transaction (transaction_ID, transactionNum, transactionDate, transactionType_ID, account_ID)VALUES (499,' num422', '1992-03-04' ,97, 493);INSERT INTO Transaction (transaction_ID, transactionNum, transactionDate, transactionType_ID, account_ID)VALUES (418,' num626', '1992-03-04' ,719, 493);INSERT INTO Transaction (transaction_ID, transactionNum, transactionDate, transactionType_ID, account_ID)VALUES (90,' num513', '1992-03-04' ,97, 493);INSERT INTO Transaction (transaction_ID, transactionNum, transactionDate, transactionType_ID, account_ID)VALUES (242,' num869', '1992-03-04' ,719, 493);INSERT INTO Transaction (transaction_ID, transactionNum, transactionDate, transactionType_ID, account_ID)VALUES (81,' num521', '1992-03-04' ,719, 493);INSERT INTO Transaction (transaction_ID, transactionNum, transactionDate, transactionType_ID, account_ID)VALUES (729,' num98', '1992-03-04' ,719, 493);INSERT INTO Transaction (transaction_ID, transactionNum, transactionDate, transactionType_ID, account_ID)VALUES (30,' num463', '1992-03-04' ,719, 493);INSERT INTO Transaction (transaction_ID, transactionNum, transactionDate, transactionType_ID, account_ID)VALUES (178,' num409', '1992-03-04' ,97, 493);INSERT INTO Transaction (transaction_ID, transactionNum, transactionDate, transactionType_ID, account_ID)VALUES (483,' num565', '1992-03-04' ,719, 493);INSERT INTO Transaction (transaction_ID, transactionNum, transactionDate, transactionType_ID, account_ID)VALUES (152,' num835', '1992-03-04' ,719, 493);INSERT INTO Transaction (transaction_ID, transactionNum, transactionDate, transactionType_ID, account_ID)VALUES (989,' num424', '1992-03-04' ,719, 493);INSERT INTO Transaction (transaction_ID, transactionNum, transactionDate, transactionType_ID, account_ID)VALUES (442,' num400', '1992-03-04' ,97, 493);INSERT INTO Transaction (transaction_ID, transactionNum, transactionDate, transactionType_ID, account_ID)VALUES (11,' num127', '1992-03-04' ,97, 493);INSERT INTO Transaction (transaction_ID, transactionNum, transactionDate, transactionType_ID, account_ID)VALUES (454,' num272', '1992-03-04' ,97, 493);INSERT INTO Transaction (transaction_ID, transactionNum, transactionDate, transactionType_ID, account_ID)VALUES (979,' num497', '1992-03-04' ,719, 493);INSERT INTO Transaction (transaction_ID, transactionNum, transactionDate, transactionType_ID, account_ID)VALUES (611,' num675', '1992-03-04' ,719, 493);INSERT INTO Transaction (transaction_ID, transactionNum, transactionDate, transactionType_ID, account_ID)VALUES (216,' num519', '1992-03-04' ,719, 493);INSERT INTO Transaction (transaction_ID, transactionNum, transactionDate, transactionType_ID, account_ID)VALUES (917,' num910', '1992-03-04' ,97, 493);INSERT INTO Transaction (transaction_ID, transactionNum, transactionDate, transactionType_ID, account_ID)VALUES (645,' num187', '1992-03-04' ,719, 493);INSERT INTO Transaction (transaction_ID, transactionNum, transactionDate, transactionType_ID, account_ID)VALUES (496,' num238', '1992-03-04' ,719, 493);INSERT INTO Transaction (transaction_ID, transactionNum, transactionDate, transactionType_ID, account_ID)VALUES (307,' num452', '1992-03-04' ,97, 493);INSERT INTO Transaction (transaction_ID, transactionNum, transactionDate, transactionType_ID, account_ID)VALUES (897,' num185', '1992-03-04' ,97, 493);INSERT INTO Transaction (transaction_ID, transactionNum, transactionDate, transactionType_ID, account_ID)VALUES (154,' num843', '1992-03-04' ,719, 493);INSERT INTO Transaction (transaction_ID, transactionNum, transactionDate, transactionType_ID, account_ID)VALUES (390,' num930', '1992-03-04' ,719, 493);INSERT INTO Transaction (transaction_ID, transactionNum, transactionDate, transactionType_ID, account_ID)VALUES (87,' num395', '1992-03-04' ,97, 493);INSERT INTO Transaction (transaction_ID, transactionNum, transactionDate, transactionType_ID, account_ID)VALUES (879,' num73', '1992-03-04' ,97, 493);INSERT INTO Transaction (transaction_ID, transactionNum, transactionDate, transactionType_ID, account_ID)VALUES (405,' num682', '1992-03-04' ,97, 493);INSERT INTO Transaction (transaction_ID, transactionNum, transactionDate, transactionType_ID, account_ID)VALUES (843,' num569', '1992-03-04' ,719, 493);INSERT INTO Transaction (transaction_ID, transactionNum, transactionDate, transactionType_ID, account_ID)VALUES (550,' num774', '1992-03-04' ,719, 493);INSERT INTO Transaction (transaction_ID, transactionNum, transactionDate, transactionType_ID, account_ID)VALUES (92,' num469', '1992-03-04' ,97, 493);INSERT INTO Transaction (transaction_ID, transactionNum, transactionDate, transactionType_ID, account_ID)VALUES (286,' num744', '1992-03-04' ,97, 493);INSERT INTO Transaction (transaction_ID, transactionNum, transactionDate, transactionType_ID, account_ID)VALUES (51,' num84', '1992-03-04' ,97, 493);INSERT INTO Transaction (transaction_ID, transactionNum, transactionDate, transactionType_ID, account_ID)VALUES (933,' num217', '1992-03-04' ,719, 493);INSERT INTO Transaction (transaction_ID, transactionNum, transactionDate, transactionType_ID, account_ID)VALUES (385,' num204', '1992-03-04' ,719, 493);INSERT INTO Transaction (transaction_ID, transactionNum, transactionDate, transactionType_ID, account_ID)VALUES (921,' num51', '1992-03-04' ,97, 493);INSERT INTO Transaction (transaction_ID, transactionNum, transactionDate, transactionType_ID, account_ID)VALUES (848,' num685', '1992-03-04' ,719, 493);INSERT INTO Transaction (transaction_ID, transactionNum, transactionDate, transactionType_ID, account_ID)VALUES (316,' num555', '1992-03-04' ,719, 493);INSERT INTO Transaction (transaction_ID, transactionNum, transactionDate, transactionType_ID, account_ID)VALUES (606,' num296', '1992-03-04' ,97, 493);INSERT INTO Transaction (transaction_ID, transactionNum, transactionDate, transactionType_ID, account_ID)VALUES (635,' num448', '1992-03-04' ,97, 493);INSERT INTO Transaction (transaction_ID, transactionNum, transactionDate, transactionType_ID, account_ID)VALUES (582,' num236', '1992-03-04' ,719, 493);INSERT INTO Transaction (transaction_ID, transactionNum, transactionDate, transactionType_ID, account_ID)VALUES (184,' num114', '1992-03-04' ,97, 493);INSERT INTO Transaction (transaction_ID, transactionNum, transactionDate, transactionType_ID, account_ID)VALUES (288,' num543', '1992-03-04' ,97, 493);INSERT INTO Transaction (transaction_ID, transactionNum, transactionDate, transactionType_ID, account_ID)VALUES (232,' num645', '1992-03-04' ,97, 493);INSERT INTO Transaction (transaction_ID, transactionNum, transactionDate, transactionType_ID, account_ID)VALUES (473,' num81', '1992-03-04' ,97, 493);INSERT INTO Transaction (transaction_ID, transactionNum, transactionDate, transactionType_ID, account_ID)VALUES (477,' num428', '1992-03-04' ,719, 493);INSERT INTO Transaction (transaction_ID, transactionNum, transactionDate, transactionType_ID, account_ID)VALUES (508,' num287', '1992-03-04' ,719, 493);INSERT INTO Transaction (transaction_ID, transactionNum, transactionDate, transactionType_ID, account_ID)VALUES (516,' num943', '1992-03-04' ,97, 493);INSERT INTO Transaction (transaction_ID, transactionNum, transactionDate, transactionType_ID, account_ID)VALUES (802,' num536', '1992-03-04' ,97, 493);INSERT INTO Transaction (transaction_ID, transactionNum, transactionDate, transactionType_ID, account_ID)VALUES (518,' num369', '1992-03-04' ,97, 493);INSERT INTO Transaction (transaction_ID, transactionNum, transactionDate, transactionType_ID, account_ID)VALUES (813,' num914', '1992-03-04' ,719, 493);INSERT INTO Transaction (transaction_ID, transactionNum, transactionDate, transactionType_ID, account_ID)VALUES (444,' num780', '1992-03-04' ,97, 493);INSERT INTO Transaction (transaction_ID, transactionNum, transactionDate, transactionType_ID, account_ID)VALUES (937,' num633', '1992-03-04' ,97, 493);INSERT INTO Transaction (transaction_ID, transactionNum, transactionDate, transactionType_ID, account_ID)VALUES (468,' num962', '1992-03-04' ,719, 493);INSERT INTO Transaction (transaction_ID, transactionNum, transactionDate, transactionType_ID, account_ID)VALUES (439,' num820', '1992-03-04' ,97, 493);INSERT INTO Transaction (transaction_ID, transactionNum, transactionDate, transactionType_ID, account_ID)VALUES (355,' num568', '1992-03-04' ,719, 493);INSERT INTO Transaction (transaction_ID, transactionNum, transactionDate, transactionType_ID, account_ID)VALUES (829,' num560', '1992-03-04' ,97, 493);INSERT INTO Transaction (transaction_ID, transactionNum, transactionDate, transactionType_ID, account