create table if not exists customer (customer_id int not null, customernum varchar unique not null, customername varchar not null, customersurname varchar not null, customerdateofbirth date not null,customercity varchar not null ,primary key (customer_id) );create table if not exists account (account_id int not null, customer_id int not null,  accounttype_id int not null, accountnum varchar unique not null, accountdate date not null, accountbalance double precision not null, primary key (account_id));create table if not exists transaction (transaction_id int not null, transactionnum varchar not null, transactiontype_id int not null, account_id int not null, transactiondate date not null);create table if not exists transactiontype (transactiontype_id int not null, transactiontypenum varchar not null, transactiontypename varchar not null, primary key (transactiontype_id));create table if not exists accounttype (accounttype_id int not null, accounttypenum varchar not null, accounttypename varchar not null, primary key (accounttype_id));alter table account add foreign key (accounttype_id) references accounttype(accounttype_id);alter table transaction add foreign key (account_id) references account (account_id);INSERT INTO TransactionType (transactionType_ID, transactionTypeNum, transactionTypeName)VALUES (373, 'num419', 'withdraw');INSERT INTO TransactionType (transactionType_ID, transactionTypeNum, transactionTypeName)VALUES (912, 'num467', 'deposit');INSERT INTO AccountType(accountType_ID, accountTypeNum, accountTypeName)VALUES (962, 'num666', 'current');INSERT INTO AccountType(accountType_ID, accountTypeNum, accountTypeName)VALUES (485, 'num659', 'credit');INSERT INTO Customer(customer_ID, customerNum, customerName, customerSurname, customerDateOfBirth, customerCity) VALUES (641, 'num225', 'cust103', 'Smith', '1992-03-15', 'Johannesburg');INSERT INTO Customer(customer_ID, customerNum, customerName, customerSurname, customerDateOfBirth, customerCity) VALUES (267, 'num186', 'cust879', 'Smith', '1992-03-15', 'Johannesburg');INSERT INTO Customer(customer_ID, customerNum, customerName, customerSurname, customerDateOfBirth, customerCity) VALUES (349, 'num941', 'cust306', 'Smith', '1992-03-15', 'Johannesburg');INSERT INTO Customer(customer_ID, customerNum, customerName, customerSurname, customerDateOfBirth, customerCity) VALUES (236, 'num606', 'cust655', 'Smith', '1992-03-15', 'Johannesburg');INSERT INTO Customer(customer_ID, customerNum, customerName, customerSurname, customerDateOfBirth, customerCity) VALUES (476, 'num193', 'cust257', 'Smith', '1992-03-15', 'Johannesburg');INSERT INTO Customer(customer_ID, customerNum, customerName, customerSurname, customerDateOfBirth, customerCity) VALUES (273, 'num26', 'cust230', 'Smith', '1992-03-15', 'Johannesburg');INSERT INTO Customer(customer_ID, customerNum, customerName, customerSurname, customerDateOfBirth, customerCity) VALUES (798, 'num366', 'cust57', 'Smith', '1992-03-15', 'Johannesburg');INSERT INTO Customer(customer_ID, customerNum, customerName, customerSurname, customerDateOfBirth, customerCity) VALUES (644, 'num431', 'cust470', 'Smith', '1992-03-15', 'Johannesburg');INSERT INTO Customer(customer_ID, customerNum, customerName, customerSurname, customerDateOfBirth, customerCity) VALUES (77, 'num910', 'cust361', 'Smith', '1992-03-15', 'Johannesburg');INSERT INTO Customer(customer_ID, customerNum, customerName, customerSurname, customerDateOfBirth, customerCity) VALUES (526, 'num507', 'cust646', 'Smith', '1992-03-15', 'Johannesburg');INSERT INTO Customer(customer_ID, customerNum, customerName, customerSurname, customerDateOfBirth, customerCity) VALUES (102, 'num489', 'cust393', 'Smith', '1992-03-15', 'Johannesburg');INSERT INTO Customer(customer_ID, customerNum, customerName, customerSurname, customerDateOfBirth, customerCity) VALUES (52, 'num604', 'cust919', 'Smith', '1992-03-15', 'Johannesburg');INSERT INTO Customer(customer_ID, customerNum, customerName, customerSurname, customerDateOfBirth, customerCity) VALUES (693, 'num290', 'cust887', 'Smith', '1992-03-15', 'Johannesburg');INSERT INTO Customer(customer_ID, customerNum, customerName, customerSurname, customerDateOfBirth, customerCity) VALUES (942, 'num499', 'cust993', 'Smith', '1992-03-15', 'Johannesburg');INSERT INTO Customer(customer_ID, customerNum, customerName, customerSurname, customerDateOfBirth, customerCity) VALUES (186, 'num115', 'cust448', 'Smith', '1992-03-15', 'Johannesburg');INSERT INTO Customer(customer_ID, customerNum, customerName, customerSurname, customerDateOfBirth, customerCity) VALUES (969, 'num312', 'cust601', 'Smith', '1992-03-15', 'Johannesburg');INSERT INTO Customer(customer_ID, customerNum, customerName, customerSurname, customerDateOfBirth, customerCity) VALUES (326, 'num239', 'cust44', 'Smith', '1992-03-15', 'Johannesburg');INSERT INTO Customer(customer_ID, customerNum, customerName, customerSurname, customerDateOfBirth, customerCity) VALUES (528, 'num594', 'cust714', 'Smith', '1992-03-15', 'Johannesburg');INSERT INTO Customer(customer_ID, customerNum, customerName, customerSurname, customerDateOfBirth, customerCity) VALUES (904, 'num595', 'cust154', 'Smith', '1992-03-15', 'Johannesburg');INSERT INTO Customer(customer_ID, customerNum, customerName, customerSurname, customerDateOfBirth, customerCity) VALUES (196, 'num568', 'cust748', 'Smith', '1992-03-15', 'Johannesburg');INSERT INTO Account(account_ID, accountNum, customer_ID, accountDate, accountBalance, accountType_ID) VALUES (891, 'num527', 644,'2020-04-15' ,3189, 962);INSERT INTO Account(account_ID, accountNum, customer_ID, accountDate, accountBalance, accountType_ID) VALUES (715, 'num975', 196,'2020-04-15' ,17860, 485);INSERT INTO Account(account_ID, accountNum, customer_ID, accountDate, accountBalance, accountType_ID) VALUES (320, 'num71', 196,'2020-04-15' ,-11791, 485);INSERT INTO Account(account_ID, accountNum, customer_ID, accountDate, accountBalance, accountType_ID) VALUES (426, 'num702', 102,'2020-04-15' ,-17188, 485);INSERT INTO Account(account_ID, accountNum, customer_ID, accountDate, accountBalance, accountType_ID) VALUES (373, 'num142', 102,'2020-04-15' ,-17719, 485);INSERT INTO Account(account_ID, accountNum, customer_ID, accountDate, accountBalance, accountType_ID) VALUES (985, 'num294', 102,'2020-04-15' ,12568, 485);INSERT INTO Account(account_ID, accountNum, customer_ID, accountDate, accountBalance, accountType_ID) VALUES (683, 'num457', 102,'2020-04-15' ,-18487, 485);INSERT INTO Account(account_ID, accountNum, customer_ID, accountDate, accountBalance, accountType_ID) VALUES (411, 'num892', 102,'2020-04-15' ,-947, 962);INSERT INTO Account(account_ID, accountNum, customer_ID, accountDate, accountBalance, accountType_ID) VALUES (83, 'num441', 102,'2020-04-15' ,18406, 485);INSERT INTO Account(account_ID, accountNum, customer_ID, accountDate, accountBalance, accountType_ID) VALUES (226, 'num64', 326,'2020-04-15' ,7615, 962);INSERT INTO Account(account_ID, accountNum, customer_ID, accountDate, accountBalance, accountType_ID) VALUES (881, 'num469', 326,'2020-04-15' ,8812, 485);INSERT INTO Account(account_ID, accountNum, customer_ID, accountDate, accountBalance, accountType_ID) VALUES (542, 'num959', 326,'2020-04-15' ,14657, 962);INSERT INTO Account(account_ID, accountNum, customer_ID, accountDate, accountBalance, accountType_ID) VALUES (570, 'num594', 326,'2020-04-15' ,-16612, 485);INSERT INTO Account(account_ID, accountNum, customer_ID, accountDate, accountBalance, accountType_ID) VALUES (420, 'num453', 326,'2020-04-15' ,12990, 962);INSERT INTO Account(account_ID, accountNum, customer_ID, accountDate, accountBalance, accountType_ID) VALUES (366, 'num70', 326,'2020-04-15' ,18558, 962);INSERT INTO Account(account_ID, accountNum, customer_ID, accountDate, accountBalance, accountType_ID) VALUES (180, 'num366', 904,'2020-04-15' ,-2837, 962);INSERT INTO Account(account_ID, accountNum, customer_ID, accountDate, accountBalance, accountType_ID) VALUES (9, 'num328', 904,'2020-04-15' ,-17300, 485);INSERT INTO Account(account_ID, accountNum, customer_ID, accountDate, accountBalance, accountType_ID) VALUES (49, 'num605', 904,'2020-04-15' ,-4940, 962);INSERT INTO Account(account_ID, accountNum, customer_ID, accountDate, accountBalance, accountType_ID) VALUES (682, 'num286', 904,'2020-04-15' ,-7445, 962);INSERT INTO Account(account_ID, accountNum, customer_ID, accountDate, accountBalance, accountType_ID) VALUES (437, 'num126', 236,'2020-04-15' ,-3380, 485);INSERT INTO Account(account_ID, accountNum, customer_ID, accountDate, accountBalance, accountType_ID) VALUES (930, 'num149', 236,'2020-04-15' ,-3752, 485);INSERT INTO Account(account_ID, accountNum, customer_ID, accountDate, accountBalance, accountType_ID) VALUES (275, 'num210', 236,'2020-04-15' ,4009, 962);INSERT INTO Account(account_ID, accountNum, customer_ID, accountDate, accountBalance, accountType_ID) VALUES (965, 'num603', 526,'2020-04-15' ,964, 962);INSERT INTO Account(account_ID, accountNum, customer_ID, accountDate, accountBalance, accountType_ID) VALUES (179, 'num459', 526,'2020-04-15' ,11361, 962);INSERT INTO Account(account_ID, accountNum, customer_ID, accountDate, accountBalance, accountType_ID) VALUES (273, 'num82', 942,'2020-04-15' ,-9860, 485);INSERT INTO Account(account_ID, accountNum, customer_ID, accountDate, accountBalance, accountType_ID) VALUES (326, 'num5', 942,'2020-04-15' ,11103, 962);INSERT INTO Account(account_ID, accountNum, customer_ID, accountDate, accountBalance, accountType_ID) VALUES (904, 'num38', 942,'2020-04-15' ,-10371, 485);INSERT INTO Account(account_ID, accountNum, customer_ID, accountDate, accountBalance, accountType_ID) VALUES (506, 'num292', 942,'2020-04-15' ,19800, 962);INSERT INTO Account(account_ID, accountNum, customer_ID, accountDate, accountBalance, accountType_ID) VALUES (807, 'num567', 528,'2020-04-15' ,6930, 962);INSERT INTO Account(account_ID, accountNum, customer_ID, accountDate, accountBalance, accountType_ID) VALUES (711, 'num930', 528,'2020-04-15' ,13506, 962);INSERT INTO Account(account_ID, accountNum, customer_ID, accountDate, accountBalance, accountType_ID) VALUES (843, 'num785', 528,'2020-04-15' ,-5281, 485);INSERT INTO Account(account_ID, accountNum, customer_ID, accountDate, accountBalance, accountType_ID) VALUES (137, 'num180', 528,'2020-04-15' ,-572, 485);INSERT INTO Account(account_ID, accountNum, customer_ID, accountDate, accountBalance, accountType_ID) VALUES (320, 'num521', 528,'2020-04-15' ,-862, 962);INSERT INTO Account(account_ID, accountNum, customer_ID, accountDate, accountBalance, accountType_ID) VALUES (783, 'num721', 528,'2020-04-15' ,7247, 485);INSERT INTO Account(account_ID, accountNum, customer_ID, accountDate, accountBalance, accountType_ID) VALUES (856, 'num967', 528,'2020-04-15' ,1812, 485);INSERT INTO Account(account_ID, accountNum, customer_ID, accountDate, accountBalance, accountType_ID) VALUES (690, 'num161', 52,'2020-04-15' ,-9994, 962);INSERT INTO Account(account_ID, accountNum, customer_ID, accountDate, accountBalance, accountType_ID) VALUES (231, 'num265', 52,'2020-04-15' ,-19418, 485);INSERT INTO Account(account_ID, accountNum, customer_ID, accountDate, accountBalance, accountType_ID) VALUES (499, 'num576', 52,'2020-04-15' ,-215, 485);INSERT INTO Account(account_ID, accountNum, customer_ID, accountDate, accountBalance, accountType_ID) VALUES (663, 'num355', 52,'2020-04-15' ,2216, 962);INSERT INTO Account(account_ID, accountNum, customer_ID, accountDate, accountBalance, accountType_ID) VALUES (581, 'num962', 52,'2020-04-15' ,18040, 485);INSERT INTO Account(account_ID, accountNum, customer_ID, accountDate, accountBalance, accountType_ID) VALUES (922, 'num824', 52,'2020-04-15' ,12385, 962);INSERT INTO Account(account_ID, accountNum, customer_ID, accountDate, accountBalance, accountType_ID) VALUES (184, 'num287', 186,'2020-04-15' ,-2186, 962);INSERT INTO Account(account_ID, accountNum, customer_ID, accountDate, accountBalance, accountType_ID) VALUES (177, 'num397', 186,'2020-04-15' ,5003, 485);INSERT INTO Account(account_ID, accountNum, customer_ID, accountDate, accountBalance, accountType_ID) VALUES (223, 'num526', 186,'2020-04-15' ,5517, 485);INSERT INTO Account(account_ID, accountNum, customer_ID, accountDate, accountBalance, accountType_ID) VALUES (733, 'num676', 186,'2020-04-15' ,19027, 485);INSERT INTO Account(account_ID, accountNum, customer_ID, accountDate, accountBalance, accountType_ID) VALUES (526, 'num257', 186,'2020-04-15' ,-16620, 485);INSERT INTO Account(account_ID, accountNum, customer_ID, accountDate, accountBalance, accountType_ID) VALUES (403, 'num112', 186,'2020-04-15' ,6028, 962);INSERT INTO Account(account_ID, accountNum, customer_ID, accountDate, accountBalance, accountType_ID) VALUES (822, 'num170', 476,'2020-04-15' ,5120, 485);INSERT INTO Account(account_ID, accountNum, customer_ID, accountDate, accountBalance, accountType_ID) VALUES (435, 'num139', 798,'2020-04-15' ,16988, 485);INSERT INTO Account(account_ID, accountNum, customer_ID, accountDate, accountBalance, accountType_ID) VALUES (334, 'num212', 798,'2020-04-15' ,18068, 485);INSERT INTO Account(account_ID, accountNum, customer_ID, accountDate, accountBalance, accountType_ID) VALUES (977, 'num842', 798,'2020-04-15' ,-9810, 485);INSERT INTO Account(account_ID, accountNum, customer_ID, accountDate, accountBalance, accountType_ID) VALUES (535, 'num776', 798,'2020-04-15' ,-1464, 962);INSERT INTO Transaction (transaction_ID, transactionNum, transactionDate, transactionType_ID, account_ID)VALUES (176,' num389', '1992-03-04' ,373, 226);INSERT INTO Transaction (transaction_ID, transactionNum, transactionDate, transactionType_ID, account_ID)VALUES (931,' num597', '1992-03-04' ,373, 226);INSERT INTO Transaction (transaction_ID, transactionNum, transactionDate, transactionType_ID, account_ID)VALUES (160,' num924', '1992-03-04' ,912, 226);INSERT INTO Transaction (transaction_ID, transactionNum, transactionDate, transactionType_ID, account_ID)VALUES (595,' num696', '1992-03-04' ,912, 226);INSERT INTO Transaction (transaction_ID, transactionNum, transactionDate, transactionType_ID, account_ID)VALUES (600,' num611', '1992-03-04' ,373, 226);INSERT INTO Transaction (transaction_ID, transactionNum, transactionDate, transactionType_ID, account_ID)VALUES (919,' num891', '1992-03-04' ,373, 226);INSERT INTO Transaction (transaction_ID, transactionNum, transactionDate, transactionType_ID, account_ID)VALUES (121,' num526', '1992-03-04' ,373, 226);INSERT INTO Transaction (transaction_ID, transactionNum, transactionDate, transactionType_ID, account_ID)VALUES (209,' num684', '1992-03-04' ,373, 226);INSERT INTO Transaction (transaction_ID, transactionNum, transactionDate, transactionType_ID, account_ID)VALUES (851,' num789', '1992-03-04' ,373, 226);INSERT INTO Transaction (transaction_ID, transactionNum, transactionDate, transactionType_ID, account_ID)VALUES (959,' num784', '1992-03-04' ,912, 226);INSERT INTO Transaction (transaction_ID, transactionNum, transactionDate, transactionType_ID, account_ID)VALUES (821,' num391', '1992-03-04' ,373, 965);INSERT INTO Transaction (transaction_ID, transactionNum, transactionDate, transactionType_ID, account_ID)VALUES (289,' num31', '1992-03-04' ,373, 965);INSERT INTO Transaction (transaction_ID, transactionNum, transactionDate, transactionType_ID, account_ID)VALUES (143,' num885', '1992-03-04' ,373, 965);INSERT INTO Transaction (transaction_ID, transactionNum, transactionDate, transactionType_ID, account_ID)VALUES (477,' num947', '1992-03-04' ,912, 965);INSERT INTO Transaction (transaction_ID, transactionNum, transactionDate, transactionType_ID, account_ID)VALUES (156,' num704', '1992-03-04' ,373, 965);INSERT INTO Transaction (transaction_ID, transactionNum, transactionDate, transactionType_ID, account_ID)VALUES (246,' num927', '1992-03-04' ,373, 965);INSERT INTO Transaction (transaction_ID, transactionNum, transactionDate, transactionType_ID, account_ID)VALUES (889,' num618', '1992-03-04' ,912, 965);INSERT INTO Transaction (transaction_ID, transactionNum, transactionDate, transactionType_ID, account_ID)VALUES (424,' num654', '1992-03-04' ,373, 965);INSERT INTO Transaction (transaction_ID, transactionNum, transactionDate, transactionType_ID, account_ID)VALUES (425,' num509', '1992-03-04' ,912, 965);INSERT INTO Transaction (transaction_ID, transactionNum, transactionDate, transactionType_ID, account_ID)VALUES (637,' num146', '1992-03-04' ,912, 965);INSERT INTO Transaction (transaction_ID, transactionNum, transactionDate, transactionType_ID, account_ID)VALUES (607,' num788', '1992-03-04' ,373, 807);INSERT INTO Transaction (transaction_ID, transactionNum, transactionDate, transactionType_ID, account_ID)VALUES (74,' num922', '1992-03-04' ,373, 807);INSERT INTO Transaction (transaction_ID, transactionNum, transactionDate, transactionType_ID, account_ID)VALUES (63,' num554', '1992-03-04' ,912, 807);INSERT INTO Transaction (transaction_ID, transactionNum, transactionDate, transactionType_ID, account_ID)VALUES (867,' num994', '1992-03-04' ,373, 807);INSERT INTO Transaction (transaction_ID, transactionNum, transactionDate, transactionType_ID, account_ID)VALUES (185,' num2', '1992-03-04' ,912, 807);INSERT INTO Transaction (transaction_ID, transactionNum, transactionDate, transactionType_ID, account_ID)VALUES (884,' num316', '1992-03-04' ,373, 807);INSERT INTO Transaction (transaction_ID, transactionNum, transactionDate, transactionType_ID, account_ID)VALUES (370,' num262', '1992-03-04' ,373, 807);INSERT INTO Transaction (transaction_ID, transactionNum, transactionDate, transactionType_ID, account_ID)VALUES (59,' num325', '1992-03-04' ,912, 807);INSERT INTO Transaction (transaction_ID, transactionNum, transactionDate, transactionType_ID, account_ID)VALUES (287,' num259', '1992-03-04' ,912, 807);INSERT INTO Transaction (transaction_ID, transactionNum, transactionDate, transactionType_ID, account_ID)VALUES (183,' num880', '1992-03-04' ,373, 807);INSERT INTO Transaction (transaction_ID, transactionNum, transactionDate, transactionType_ID, account_ID)VALUES (19,' num392', '1992-03-04' ,912, 426);INSERT INTO Transaction (transaction_ID, transactionNum, transactionDate, transactionType_ID, account_ID)VALUES (716,' num102', '1992-03-04' ,912, 426);INSERT INTO Transaction (transaction_ID, transactionNum, transactionDate, transactionType_ID, account_ID)VALUES (51,' num240', '1992-03-04' ,373, 426);INSERT INTO Transaction (transaction_ID, transactionNum, transactionDate, transactionType_ID, account_ID)VALUES (309,' num182', '1992-03-04' ,373, 426);INSERT INTO Transaction (transaction_ID, transactionNum, transactionDate, transactionType_ID, account_ID)VALUES (779,' num667', '1992-03-04' ,912, 426);INSERT INTO Transaction (transaction_ID, transactionNum, transactionDate, transactionType_ID, account_ID)VALUES (393,' num756', '1992-03-04' ,373, 426);INSERT INTO Transaction (transaction_ID, transactionNum, transactionDate, transactionType_ID, account_ID)VALUES (909,' num110', '1992-03-04' ,373, 426);INSERT INTO Transaction (transaction_ID, transactionNum, transactionDate, transactionType_ID, account_ID)VALUES (527,' num866', '1992-03-04' ,373, 426);INSERT INTO Transaction (transaction_ID, transactionNum, transactionDate, transactionType_ID, account_ID)VALUES (261,' num989', '1992-03-04' ,912, 426);INSERT INTO Transaction (transaction_ID, transactionNum, transactionDate, transactionType_ID, account_ID)VALUES (788,' num174', '1992-03-04' ,912, 426);INSERT INTO Transaction (transaction_ID, transactionNum, transactionDate, transactionType_ID, account_ID)VALUES (214,' num450', '1992-03-04' ,912, 715);INSERT INTO Transaction (transaction_ID, transactionNum, transactionDate, transactionType_ID, account_ID)VALUES (243,' num506', '1992-03-04' ,373, 715);INSERT INTO Transaction (transaction_ID, transactionNum, transactionDate, transactionType_ID, account_ID)VALUES (118,' num635', '1992-03-04' ,373, 715);INSERT INTO Transaction (transaction_ID, transactionNum, transactionDate, transactionType_ID, account_ID)VALUES (523,' num539', '1992-03-04' ,912, 715);INSERT INTO Transaction (transaction_ID, transactionNum, transactionDate, transactionType_ID, account_ID)VALUES (719,' num984', '1992-03-04' ,912, 715);INSERT INTO Transaction (transaction_ID, transactionNum, transactionDate, transactionType_ID, account_ID)VALUES (582,' num261', '1992-03-04' ,373, 715);INSERT INTO Transaction (transaction_ID, transactionNum, transactionDate, transactionType_ID, account_ID)VALUES (242,' num558', '1992-03-04' ,912, 715);INSERT INTO Transaction (transaction_ID, transactionNum, transactionDate, transactionType_ID, account_ID)VALUES (390,' num850', '1992-03-04' ,373, 715);INSERT INTO Transaction (transaction_ID, transactionNum, transactionDate, transactionType_ID, account_ID)VALUES (662,' num199', '1992-03-04' ,912, 715);INSERT INTO Transaction (transaction_ID, transactionNum, transactionDate, transactionType_ID, account_ID)VALUES (205,' num646', '1992-03-04' ,912, 715);INSERT INTO Transaction (transaction_ID, transactionNum, transactionDate, transactionType_ID, account_ID)VALUES (601,' num164', '1992-03-04' ,373, 273);INSERT INTO Transaction (transaction_ID, transactionNum, transactionDate, transactionType_ID, account_ID)VALUES (506,' num566', '1992-03-04' ,373, 273);INSERT INTO Transaction (transaction_ID, transactionNum, transactionDate, transactionType_ID, account_ID)VALUES (77,' num801', '1992-03-04' ,373, 273);INSERT INTO Transaction (transaction_ID, transactionNum, transactionDate, transactionType_ID, account_ID)VALUES (544,' num329', '1992-03-04' ,373, 273);INSERT INTO Transaction (transaction_ID, transactionNum, transactionDate, transactionType_ID, account_ID)VALUES (146,' num117', '1992-03-04' ,373, 273);INSERT INTO Transaction (transaction_ID, transactionNum, transactionDate, transactionType_ID, account_ID)VALUES (163,' num768', '1992-03-04' ,373, 273);INSERT INTO Transaction (transaction_ID, transactionNum, transactionDate, transactionType_ID, account_ID)VALUES (269,' num830', '1992-03-04' ,373, 273);INSERT INTO Transaction (transaction_ID, transactionNum, transactionDate, transactionType_ID, account_ID)VALUES (281,' num663', '1992-03-04' ,373, 273);INSERT INTO Transaction (transaction_ID, transactionNum, transactionDate, transactionType_ID, account_ID)VALUES (141,' num294', '1992-03-04' ,912, 273);INSERT INTO Transaction (transaction_ID, transactionNum, transactionDate, transactionType_ID, account_ID)VALUES (240,' num776', '1992-03-04' ,912, 273);INSERT INTO Transaction (transaction_ID, transactionNum, transactionDate, transactionType_ID, account_ID)VALUES (114,' num30', '1992-03-04' ,912, 690);INSERT INTO Transaction (transaction_ID, transactionNum, transactionDate, transactionType_ID, account_ID)VALUES (45,' num105', '1992-03-04' ,373, 690);INSERT INTO Transaction (transaction_ID, transactionNum, transactionDate, transactionType_ID, account_ID)VALUES (268,' num712', '1992-03-04' ,373, 690);INSERT INTO Transaction (transaction_ID, transactionNum, transactionDate, transactionType_ID, account_ID)VALUES (322,' num211', '1992-03-04' ,912, 690);INSERT INTO Transaction (transaction_ID, transactionNum, transactionDate, transactionType_ID, account_ID)VALUES (557,' num990', '1992-03-04' ,912, 690);INSERT INTO Transaction (transaction_ID, transactionNum, transactionDate, transactionType_ID, account_ID)VALUES (312,' num390', '1992-03-04' ,373, 690);INSERT INTO Transaction (transaction_ID, transactionNum, transactionDate, transactionType_ID, account_ID)VALUES (52,' num143', '1992-03-04' ,373, 690);INSERT INTO Transaction (transaction_ID, transactionNum, transactionDate, transactionType_ID, account_ID)VALUES (908,' num605', '1992-03-04' ,912, 690);INSERT INTO Transaction (transaction_ID, transactionNum, transactionDate, transactionType_ID, account_ID)VALUES (708,' num12', '1992-03-04' ,373, 690);INSERT INTO Transaction (transaction_ID, transactionNum, transactionDate, transactionType_ID, account_ID)VALUES (93,' num660', '1992-03-04' ,912, 690);INSERT INTO Transaction (transaction_ID, transactionNum, transactionDate, transactionType_ID, account_ID)VALUES (310,' num802', '1992-03-04' ,912, 435);INSERT INTO Transaction (transaction_ID, transactionNum, transactionDate, transactionType_ID, account_ID)VALUES (22,' num226', '1992-03-04' ,373, 435);INSERT INTO Transaction (transaction_ID, transactionNum, transactionDate, transactionType_ID, account_ID)VALUES (307,' num179', '1992-03-04' ,373, 435);INSERT INTO Transaction (transaction_ID, transactionNum, transactionDate, transactionType_ID, account_ID)VALUES (91,' num987', '1992-03-04' ,373, 435);INSERT INTO Transaction (transaction_ID, transactionNum, transactionDate, transactionType_ID, account_ID)VALUES (564,' num692', '1992-03-04' ,373, 435);INSERT INTO Transaction (transaction_ID, transactionNum, transactionDate, transactionType_ID, account_ID)VALUES (484,' num47', '1992-03-04' ,373, 435);INSERT INTO Transaction (transaction_ID, transactionNum, transactionDate, transactionType_ID, account_ID)VALUES (915,' num647', '1992-03-04' ,912, 435);INSERT INTO Transaction (transaction_ID, transactionNum, transactionDate, transactionType_ID, account_ID)VALUES (468,' num79', '1992-03-04' ,373, 435);INSERT INTO Transaction (transaction_ID, transactionNum, transactionDate, transactionType_ID, account_ID)VALUES (147,' num832', '1992-03-04' ,373, 435);INSERT INTO Transaction (transaction_ID, transactionNum, transactionDate, transactionType_ID, account_ID)VALUES (317,' num319', '1992-03-04' ,912, 435);INSERT INTO Transaction (transaction_ID, transactionNum, transactionDate, transactionType_ID, account_ID)VALUES (5,' num677', '1992-03-04' ,912, 180);INSERT INTO Transaction (transaction_ID, transactionNum, transactionDate, transactionType_ID, account_ID)VALUES (887,' num707', '1992-03-04' ,912, 180);INSERT INTO Transaction (transaction_ID, transactionNum, transactionDate, transactionType_ID, account_ID)VALUES (278,' num886', '1992-03-04' ,912, 180);INSERT INTO Transaction (transaction_ID, transactionNum, transactionDate, transactionType_ID, account_ID)VALUES (913,' num867', '1992-03-04' ,373, 180);INSERT INTO Transaction (transaction_ID, transactionNum, transactionDate, transactionType_ID, account_ID)VALUES (500,' num338', '1992-03-04' ,912, 180);INSERT INTO Transaction (transaction_ID, transactionNum, transactionDate, transactionType_ID, account_ID)VALUES (576,' num857', '1992-03-04' ,373, 180);INSERT INTO Transaction (transaction_ID, transactionNum, transactionDate, transactionType_ID, account_ID)VALUES (827,' num375', '1992-03-04' ,373, 180);INSERT INTO Transaction (transaction_ID, transactionNum, transactionDate, transactionType_ID, account_ID)VALUES (284,' num245', '1992-03-04' ,373, 180);INSERT INTO Transaction (transaction_ID, transactionNum, transactionDate, transactionType_ID, account_ID)VALUES (467,' num168', '1992-03-04' ,373, 180);INSERT INTO Transaction (transaction_ID, transactionNum, transactionDate, transactionType_ID, account_ID)VALUES (373,' num621', '1992-03-04' ,912, 180);INSERT INTO Transaction (transaction_ID, transactionNum, transactionDate, transactionType_ID, account_ID)VALUES (43,' num920', '1992-03-04' ,912, 437);INSERT INTO Transaction (transaction_ID, transactionNum, transactionDate, transactionType_ID, account_ID)VALUES (565,' num641', '1992-03-04' ,373, 437);INSERT INTO Transaction (transaction_ID, transactionNum, transactionDate, transactionType_ID, account_ID)VALUES (436,' num951', '1992-03-04' ,373, 437);INSERT INTO Transaction (transaction_ID, transactionNum, transactionDate, transactionType_ID, account_ID)VALUES (795,' num702', '1992-03-04' ,912, 437);INSERT INTO Transaction (transaction_ID, transactionNum, transactionDate, transactionType_ID, account_ID)VALUES (768,' num917', '1992-03-04' ,912, 437);INSERT INTO Transaction (transaction_ID, transactionNum, transactionDate, transactionType_ID, account_ID)VALUES (543,' num640', '1992-03-04' ,912, 437);INSERT INTO Transaction (transaction_ID, transactionNum, transactionDate, transactionType_ID, account_ID)VALUES (935,' num499', '1992-03-04' ,912, 437);INSERT INTO Transaction (transaction_ID, transactionNum, transactionDate, transactionType_ID, account_ID)VALUES (296,' num995', '1992-03-04' ,912, 437);INSERT INTO Transaction (transaction_ID, transactionNum, transactionDate, transactionType_ID, account_ID)VALUES (918,' num254', '1992-03-04' ,373, 437);INSERT INTO Transaction (transaction_ID, transactionNum, transactionDate, transactionType_ID, account_ID)VALUES (184,' num14', '1992-03-04' ,912, 437);INSERT INTO Transaction (transaction_ID, transactionNum, transactionDate, transactionType_ID, account_ID)VALUES (822,' num383', '1992-03-04' ,912, 822);INSERT INTO Transaction (transaction_ID, transactionNum, transactionDate, transactionType_ID, account_ID)VALUES (95,' num86', '1992-03-04' ,912, 822);INSERT INTO Transaction (transaction_ID, transactionNum, transactionDate, transactionType_ID, account_ID)VALUES (917,' num57', '1992-03-04' ,373, 822);INSERT INTO Transaction (transaction_ID, transactionNum, transactionDate, transactionType_ID, account_ID)VALUES (437,' num614', '1992-03-04' ,912, 822);INSERT INTO Transaction (transaction_ID, transactionNum, transactionDate, transactionType_ID, account_ID)VALUES (812,' num328', '1992-03-04' ,373, 822);INSERT INTO Transaction (transaction_ID, transactionNum, transactionDate, transactionType_ID, account_ID)VALUES (832,' num327', '1992-03-04' ,912, 822);INSERT INTO Transaction (transaction_ID, transactionNum, transactionDate, transactionType_ID, account_ID)VALUES (157,' num764', '1992-03-04' ,373, 822);INSERT INTO Transaction (transaction_ID, transactionNum, transactionDate, transactionType_ID, account_ID)VALUES (459,' num270', '1992-03-04' ,373, 822);INSERT INTO Transaction (transaction_ID, transactionNum, transactionDate, transactionType_ID, account_ID)VALUES (968,' num412', '1992-03-04' ,373, 822);INSERT INTO Transaction (transaction_ID, transactionNum, transactionDate, transactionType_ID, account_ID)VALUES (329,' num413', '1992-03-04' ,912, 822);INSERT INTO Transaction (transaction_ID, transactionNum, transactionDate, transactionType_ID, account_ID)VALUES (212,' num787', '1992-03-04' ,373, 184);INSERT INTO Transaction (transaction_ID, transactionNum, transactionDate, transactionType_ID, account_ID)VALUES (805,' num55', '1992-03-04' ,373, 184);INSERT INTO Transaction (transaction_ID, transactionNum, transactionDate, transactionType_ID, account_ID)VALUES (413,' num686', '1992-03-04' ,912, 184);INSERT INTO Transaction (transaction_ID, transactionNum, transactionDate, transactionType_ID, account_ID)VALUES (439,' num584', '1992-03-04' ,912, 184);INSERT INTO Transaction (transaction_ID, transactionNum, transactionDate, transactionType_ID, account_ID)VALUES (430,' num505', '1992-03-04' ,373, 184);INSERT INTO Transaction (transaction_ID, transactionNum, transactionDate, transactionType_ID, account_ID)VALUES (694,' num109', '1992-03-04' ,912, 184);INSERT INTO Transaction (transaction_ID, transactionNum, transactionDate, transactionType_ID, account_ID)VALUES (469,' num438', '1992-03-04' ,373, 184);INSERT INTO Transaction (transaction_ID, transactionNum, transactionDate, transactionType_ID, account_ID)VALUES (861,' num425', '1992-03-04' ,373, 184);INSERT INTO Transaction (transaction_ID, transactionNum, transactionDate, transactionType_ID, account_ID)VALUES (891,' num234', '1992-03-04' ,373, 184);INSERT INTO Transaction (transaction_ID, transactionNum, transactionDate, transactionType_ID, account_ID)VALUES (65,' num452', '1992-03-04' ,373, 184);INSERT INTO Transaction (transaction_ID, transactionNum, transactionDate, transactionType_ID, account_ID)VALUES (20,' num120', '1992-03-04' ,912, 891);INSERT INTO Transaction (transaction_ID, transactionNum, transactionDate, transactionType_ID, account_ID)VALUES (799,' num263', '1992-03-04' ,373, 891);INSERT INTO Transaction (transaction_ID, transactionNum, transactionDate, transactionType_ID, account_ID)VALUES (775,' num305', '1992-03-04' ,912, 891);INSERT INTO Transaction (transaction_ID, transactionNum, transactionDate, transactionType_ID, account_ID)VALUES (39,' num149', '1992-03-04' ,912, 891);INSERT INTO Transaction (transaction_ID, transactionNum, transactionDate, transactionType_ID, account_ID)VALUES (170,' num273', '1992-03-04' ,912, 891);INSERT INTO Transaction (transaction_ID, transactionNum, transactionDate, transactionType_ID, account_ID)VALUES (855,' num463', '1992-03-04' ,373, 891);INSERT INTO Transaction (transaction_ID, transactionNum, transactionDate, transactionType_ID, account_ID)VALUES (388,' num242', '1992-03-04' ,912, 891);INSERT INTO Transaction (transaction_ID, transactionNum, tra